RouterName,SamplerAddress,IfIndex,IfName
CORE-A,213.151.32.60,1,fxp0
CORE-A,213.151.32.60,13,fxp0.0
CORE-A,213.151.32.60,542,esi
CORE-A,213.151.32.60,543,jsrv
CORE-A,213.151.32.60,544,jsrv.1
CORE-A,213.151.32.60,545,vtep
CORE-A,213.151.32.60,553,xe-0/0/0
CORE-A,213.151.32.60,554,xe-0/0/1
CORE-A,213.151.32.60,555,xe-0/0/2
CORE-A,213.151.32.60,556,xe-0/0/3
CORE-A,213.151.32.60,557,xe-0/0/4
CORE-A,213.151.32.60,558,xe-0/0/5
CORE-A,213.151.32.60,559,xe-0/0/6
CORE-A,213.151.32.60,560,xe-0/0/7
CORE-A,213.151.32.60,561,xe-0/0/8
CORE-A,213.151.32.60,562,xe-0/0/9
CORE-A,213.151.32.60,563,xe-0/2/0
CORE-A,213.151.32.60,564,xe-0/2/1
CORE-A,213.151.32.60,565,xe-0/2/2
CORE-A,213.151.32.60,566,xe-0/2/3
CORE-A,213.151.32.60,567,xe-0/2/4
CORE-A,213.151.32.60,568,xe-0/2/5
CORE-A,213.151.32.60,569,xe-0/2/6
CORE-A,213.151.32.60,570,xe-0/2/7
CORE-A,213.151.32.60,571,xe-0/2/8
CORE-A,213.151.32.60,572,xe-0/2/9
CORE-A,213.151.32.60,573,pd-0/0/0
CORE-A,213.151.32.60,574,pe-0/0/0
CORE-A,213.151.32.60,575,gr-0/0/0
CORE-A,213.151.32.60,576,ip-0/0/0
CORE-A,213.151.32.60,577,vt-0/0/0
CORE-A,213.151.32.60,578,mt-0/0/0
CORE-A,213.151.32.60,579,lt-0/0/0
CORE-A,213.151.32.60,580,ut-0/0/0
CORE-A,213.151.32.60,581,ud-0/0/0
CORE-A,213.151.32.60,582,ae0
CORE-A,213.151.32.60,583,ae1
CORE-A,213.151.32.60,584,ae0.6
CORE-A,213.151.32.60,585,ae0.8
CORE-A,213.151.32.60,586,ae0.10
CORE-A,213.151.32.60,587,ae0.15
CORE-A,213.151.32.60,588,ae0.16
CORE-A,213.151.32.60,589,ae0.17
CORE-A,213.151.32.60,590,ae0.21
CORE-A,213.151.32.60,591,ae0.28
CORE-A,213.151.32.60,592,ae0.128
CORE-A,213.151.32.60,593,ae0.41
CORE-A,213.151.32.60,594,ae0.42
CORE-A,213.151.32.60,595,ae0.50
CORE-A,213.151.32.60,596,ae0.52
CORE-A,213.151.32.60,597,ae0.55
CORE-A,213.151.32.60,598,ae0.57
CORE-A,213.151.32.60,599,ae0.79
CORE-A,213.151.32.60,600,xe-0/0/0.79
CORE-A,213.151.32.60,601,ae0.77
CORE-A,213.151.32.60,602,ae0.78
CORE-A,213.151.32.60,603,ae0.81
CORE-A,213.151.32.60,604,ae0.84
CORE-A,213.151.32.60,605,ae0.96
CORE-A,213.151.32.60,606,ae0.100
CORE-A,213.151.32.60,607,ae0.101
CORE-A,213.151.32.60,608,ae0.102
CORE-A,213.151.32.60,609,ae0.710
CORE-A,213.151.32.60,610,ae0.711
CORE-A,213.151.32.60,611,ae0.712
CORE-A,213.151.32.60,612,ae0.713
CORE-A,213.151.32.60,613,ae0.714
CORE-A,213.151.32.60,614,ae0.889
CORE-A,213.151.32.60,615,ae0.1007
CORE-A,213.151.32.60,616,ae0.1012
CORE-A,213.151.32.60,617,ae0.1020
CORE-A,213.151.32.60,618,ae0.1021
CORE-A,213.151.32.60,619,ae0.1027
CORE-A,213.151.32.60,620,ae0.1028
CORE-A,213.151.32.60,621,ae0.1033
CORE-A,213.151.32.60,623,ae0.1037
CORE-A,213.151.32.60,624,xe-0/0/0.1028
CORE-A,213.151.32.60,625,xe-0/0/1.1028
CORE-A,213.151.32.60,626,ae0.2010
CORE-A,213.151.32.60,627,ae0.2030
CORE-A,213.151.32.60,628,ae0.3010
CORE-A,213.151.32.60,629,ae0.3030
CORE-A,213.151.32.60,631,ae1.101
CORE-A,213.151.32.60,634,xe-0/0/0.3030
CORE-A,213.151.32.60,635,xe-0/0/0.3010
CORE-A,213.151.32.60,636,xe-0/0/0.2030
CORE-A,213.151.32.60,637,xe-0/0/0.2010
CORE-A,213.151.32.60,638,xe-0/0/2.1028
CORE-A,213.151.32.60,639,xe-0/0/3.1028
CORE-A,213.151.32.60,640,xe-0/0/0.1037
CORE-A,213.151.32.60,642,xe-0/0/0.1033
CORE-A,213.151.32.60,643,xe-0/2/0.1028
CORE-A,213.151.32.60,644,xe-0/0/0.1027
CORE-A,213.151.32.60,645,xe-0/0/0.1021
CORE-A,213.151.32.60,646,xe-0/0/0.1020
CORE-A,213.151.32.60,647,xe-0/0/0.1012
CORE-A,213.151.32.60,648,xe-0/0/0.1007
CORE-A,213.151.32.60,649,xe-0/0/0.889
CORE-A,213.151.32.60,650,xe-0/0/0.714
CORE-A,213.151.32.60,651,xe-0/0/0.713
CORE-A,213.151.32.60,652,xe-0/0/0.712
CORE-A,213.151.32.60,653,xe-0/0/0.711
CORE-A,213.151.32.60,654,xe-0/0/0.710
CORE-A,213.151.32.60,655,xe-0/0/0.102
CORE-A,213.151.32.60,656,xe-0/0/0.101
CORE-A,213.151.32.60,657,xe-0/0/0.100
CORE-A,213.151.32.60,658,xe-0/0/0.96
CORE-A,213.151.32.60,659,xe-0/0/0.84
CORE-A,213.151.32.60,660,xe-0/0/0.81
CORE-A,213.151.32.60,661,xe-0/0/0.78
CORE-A,213.151.32.60,662,xe-0/0/0.77
CORE-A,213.151.32.60,663,xe-0/0/1.79
CORE-A,213.151.32.60,664,xe-0/0/2.79
CORE-A,213.151.32.60,665,xe-0/0/0.57
CORE-A,213.151.32.60,666,xe-0/0/0.55
CORE-A,213.151.32.60,667,xe-0/0/0.52
CORE-A,213.151.32.60,668,xe-0/0/0.50
CORE-A,213.151.32.60,669,xe-0/0/0.42
CORE-A,213.151.32.60,670,xe-0/0/0.41
CORE-A,213.151.32.60,671,ae0.130
CORE-A,213.151.32.60,672,xe-0/0/0.28
CORE-A,213.151.32.60,673,xe-0/0/0.21
CORE-A,213.151.32.60,674,xe-0/0/0.17
CORE-A,213.151.32.60,675,xe-0/0/0.16
CORE-A,213.151.32.60,676,xe-0/0/0.15
CORE-A,213.151.32.60,677,xe-0/0/0.10
CORE-A,213.151.32.60,678,xe-0/0/0.8
CORE-A,213.151.32.60,679,xe-0/0/0.6
CORE-A,213.151.32.60,681,xe-0/0/1.3030
CORE-A,213.151.32.60,682,xe-0/0/1.3010
CORE-A,213.151.32.60,683,xe-0/0/1.2030
CORE-A,213.151.32.60,684,xe-0/0/1.2010
CORE-A,213.151.32.60,685,xe-0/2/1.1028
CORE-A,213.151.32.60,686,xe-0/2/2.1028
CORE-A,213.151.32.60,687,xe-0/0/1.1037
CORE-A,213.151.32.60,689,xe-0/0/1.1033
CORE-A,213.151.32.60,690,xe-0/2/3.1028
CORE-A,213.151.32.60,691,xe-0/0/1.1027
CORE-A,213.151.32.60,692,xe-0/0/1.1021
CORE-A,213.151.32.60,693,xe-0/0/1.1020
CORE-A,213.151.32.60,694,xe-0/0/1.1012
CORE-A,213.151.32.60,695,xe-0/0/1.1007
CORE-A,213.151.32.60,696,xe-0/0/1.889
CORE-A,213.151.32.60,697,xe-0/0/1.714
CORE-A,213.151.32.60,698,xe-0/0/1.713
CORE-A,213.151.32.60,699,xe-0/0/1.712
CORE-A,213.151.32.60,700,xe-0/0/1.711
CORE-A,213.151.32.60,701,xe-0/0/1.710
CORE-A,213.151.32.60,702,xe-0/0/1.102
CORE-A,213.151.32.60,703,xe-0/0/1.101
CORE-A,213.151.32.60,704,xe-0/0/1.100
CORE-A,213.151.32.60,705,xe-0/0/1.96
CORE-A,213.151.32.60,706,xe-0/0/1.84
CORE-A,213.151.32.60,707,xe-0/0/1.81
CORE-A,213.151.32.60,708,xe-0/0/1.78
CORE-A,213.151.32.60,709,xe-0/0/1.77
CORE-A,213.151.32.60,710,xe-0/0/3.79
CORE-A,213.151.32.60,711,xe-0/0/5.79
CORE-A,213.151.32.60,712,xe-0/0/1.57
CORE-A,213.151.32.60,713,xe-0/0/1.55
CORE-A,213.151.32.60,714,xe-0/0/1.52
CORE-A,213.151.32.60,715,xe-0/0/1.50
CORE-A,213.151.32.60,716,xe-0/0/1.42
CORE-A,213.151.32.60,717,xe-0/0/1.41
CORE-A,213.151.32.60,718,xe-0/0/0.128
CORE-A,213.151.32.60,719,xe-0/0/1.28
CORE-A,213.151.32.60,720,xe-0/0/1.21
CORE-A,213.151.32.60,721,xe-0/0/1.17
CORE-A,213.151.32.60,722,xe-0/0/1.16
CORE-A,213.151.32.60,723,xe-0/0/1.15
CORE-A,213.151.32.60,724,xe-0/0/1.10
CORE-A,213.151.32.60,725,xe-0/0/1.8
CORE-A,213.151.32.60,726,xe-0/0/1.6
CORE-A,213.151.32.60,728,xe-0/0/2.3030
CORE-A,213.151.32.60,729,xe-0/0/2.3010
CORE-A,213.151.32.60,730,xe-0/0/2.2030
CORE-A,213.151.32.60,731,xe-0/0/2.2010
CORE-A,213.151.32.60,732,rbeb
CORE-A,213.151.32.60,733,ae0.2007
CORE-A,213.151.32.60,734,xe-0/0/2.1037
CORE-A,213.151.32.60,736,xe-0/0/2.1033
CORE-A,213.151.32.60,737,xe-0/0/0.2007
CORE-A,213.151.32.60,738,xe-0/0/2.1027
CORE-A,213.151.32.60,739,xe-0/0/2.1021
CORE-A,213.151.32.60,740,xe-0/0/2.1020
CORE-A,213.151.32.60,741,xe-0/0/2.1012
CORE-A,213.151.32.60,742,xe-0/0/2.1007
CORE-A,213.151.32.60,743,xe-0/0/2.889
CORE-A,213.151.32.60,744,xe-0/0/2.714
CORE-A,213.151.32.60,745,xe-0/0/2.713
CORE-A,213.151.32.60,746,xe-0/0/2.712
CORE-A,213.151.32.60,747,xe-0/0/2.711
CORE-A,213.151.32.60,748,xe-0/0/2.710
CORE-A,213.151.32.60,749,xe-0/0/2.102
CORE-A,213.151.32.60,750,xe-0/0/2.101
CORE-A,213.151.32.60,751,xe-0/0/2.100
CORE-A,213.151.32.60,752,xe-0/0/2.96
CORE-A,213.151.32.60,753,xe-0/0/2.84
CORE-A,213.151.32.60,754,xe-0/0/2.81
CORE-A,213.151.32.60,755,xe-0/0/2.78
CORE-A,213.151.32.60,756,xe-0/0/2.77
CORE-A,213.151.32.60,757,xe-0/0/6.79
CORE-A,213.151.32.60,758,xe-0/2/0.79
CORE-A,213.151.32.60,759,xe-0/0/2.57
CORE-A,213.151.32.60,760,xe-0/0/2.55
CORE-A,213.151.32.60,761,xe-0/0/2.52
CORE-A,213.151.32.60,762,xe-0/0/2.50
CORE-A,213.151.32.60,763,xe-0/0/2.42
CORE-A,213.151.32.60,764,xe-0/0/2.41
CORE-A,213.151.32.60,765,xe-0/0/0.130
CORE-A,213.151.32.60,766,xe-0/0/2.28
CORE-A,213.151.32.60,767,xe-0/0/2.21
CORE-A,213.151.32.60,768,xe-0/0/2.17
CORE-A,213.151.32.60,769,xe-0/0/2.16
CORE-A,213.151.32.60,770,xe-0/0/2.15
CORE-A,213.151.32.60,771,xe-0/0/2.10
CORE-A,213.151.32.60,772,xe-0/0/2.8
CORE-A,213.151.32.60,773,xe-0/0/2.6
CORE-A,213.151.32.60,775,xe-0/0/3.3030
CORE-A,213.151.32.60,776,xe-0/0/3.3010
CORE-A,213.151.32.60,777,xe-0/0/3.2030
CORE-A,213.151.32.60,778,xe-0/0/3.2010
CORE-A,213.151.32.60,779,xe-0/0/1.2007
CORE-A,213.151.32.60,780,xe-0/0/2.2007
CORE-A,213.151.32.60,781,xe-0/0/3.1037
CORE-A,213.151.32.60,783,xe-0/0/3.1033
CORE-A,213.151.32.60,784,xe-0/0/3.2007
CORE-A,213.151.32.60,785,xe-0/0/3.1027
CORE-A,213.151.32.60,786,xe-0/0/3.1021
CORE-A,213.151.32.60,787,xe-0/0/3.1020
CORE-A,213.151.32.60,788,xe-0/0/3.1012
CORE-A,213.151.32.60,789,xe-0/0/3.1007
CORE-A,213.151.32.60,790,xe-0/0/3.889
CORE-A,213.151.32.60,791,xe-0/0/3.714
CORE-A,213.151.32.60,792,xe-0/0/3.713
CORE-A,213.151.32.60,793,xe-0/0/3.712
CORE-A,213.151.32.60,794,xe-0/0/3.711
CORE-A,213.151.32.60,795,xe-0/0/3.710
CORE-A,213.151.32.60,796,xe-0/0/3.102
CORE-A,213.151.32.60,797,xe-0/0/3.101
CORE-A,213.151.32.60,798,xe-0/0/3.100
CORE-A,213.151.32.60,799,xe-0/0/3.96
CORE-A,213.151.32.60,800,xe-0/0/3.84
CORE-A,213.151.32.60,801,xe-0/0/3.81
CORE-A,213.151.32.60,802,xe-0/0/3.78
CORE-A,213.151.32.60,803,xe-0/0/3.77
CORE-A,213.151.32.60,804,xe-0/2/1.79
CORE-A,213.151.32.60,805,xe-0/2/2.79
CORE-A,213.151.32.60,806,xe-0/0/3.57
CORE-A,213.151.32.60,807,xe-0/0/3.55
CORE-A,213.151.32.60,808,xe-0/0/3.52
CORE-A,213.151.32.60,809,xe-0/0/3.50
CORE-A,213.151.32.60,810,xe-0/0/3.42
CORE-A,213.151.32.60,811,xe-0/0/3.41
CORE-A,213.151.32.60,812,xe-0/0/1.128
CORE-A,213.151.32.60,813,xe-0/0/3.28
CORE-A,213.151.32.60,814,xe-0/0/3.21
CORE-A,213.151.32.60,815,xe-0/0/3.17
CORE-A,213.151.32.60,816,xe-0/0/3.16
CORE-A,213.151.32.60,817,xe-0/0/3.15
CORE-A,213.151.32.60,818,xe-0/0/3.10
CORE-A,213.151.32.60,819,xe-0/0/3.8
CORE-A,213.151.32.60,820,xe-0/0/3.6
CORE-A,213.151.32.60,822,xe-0/0/4.101
CORE-A,213.151.32.60,823,xe-0/2/0.2007
CORE-A,213.151.32.60,824,xe-0/2/1.2007
CORE-A,213.151.32.60,825,xe-0/2/2.2007
CORE-A,213.151.32.60,826,xe-0/2/3.2007
CORE-A,213.151.32.60,827,xe-0/2/3.79
CORE-A,213.151.32.60,828,xe-0/2/5.79
CORE-A,213.151.32.60,829,ae0.1025
CORE-A,213.151.32.60,830,xe-0/0/0.1025
CORE-A,213.151.32.60,831,xe-0/0/1.1025
CORE-A,213.151.32.60,832,xe-0/0/2.1025
CORE-A,213.151.32.60,833,xe-0/0/3.1025
CORE-A,213.151.32.60,834,xe-0/2/0.1025
CORE-A,213.151.32.60,835,xe-0/2/1.1025
CORE-A,213.151.32.60,836,xe-0/2/2.1025
CORE-A,213.151.32.60,837,xe-0/2/3.1025
CORE-A,213.151.32.60,838,xe-0/0/5.6
CORE-A,213.151.32.60,839,xe-0/0/5.8
CORE-A,213.151.32.60,840,xe-0/0/5.10
CORE-A,213.151.32.60,841,xe-0/0/5.15
CORE-A,213.151.32.60,842,lt-0/0/0.1
CORE-A,213.151.32.60,843,lt-0/0/0.2
CORE-A,213.151.32.60,845,xe-0/2/0.3030
CORE-A,213.151.32.60,846,xe-0/2/0.3010
CORE-A,213.151.32.60,847,xe-0/2/0.2030
CORE-A,213.151.32.60,848,xe-0/2/0.2010
CORE-A,213.151.32.60,849,xe-0/0/5.16
CORE-A,213.151.32.60,850,xe-0/0/5.17
CORE-A,213.151.32.60,851,xe-0/2/0.1037
CORE-A,213.151.32.60,853,xe-0/2/0.1033
CORE-A,213.151.32.60,854,xe-0/0/5.21
CORE-A,213.151.32.60,855,xe-0/2/0.1027
CORE-A,213.151.32.60,856,xe-0/2/0.1021
CORE-A,213.151.32.60,857,xe-0/2/0.1020
CORE-A,213.151.32.60,858,xe-0/2/0.1012
CORE-A,213.151.32.60,859,xe-0/2/0.1007
CORE-A,213.151.32.60,860,xe-0/2/0.889
CORE-A,213.151.32.60,861,xe-0/2/0.714
CORE-A,213.151.32.60,862,xe-0/2/0.713
CORE-A,213.151.32.60,863,xe-0/2/0.712
CORE-A,213.151.32.60,864,xe-0/2/0.711
CORE-A,213.151.32.60,865,xe-0/2/0.710
CORE-A,213.151.32.60,866,xe-0/2/0.102
CORE-A,213.151.32.60,867,xe-0/2/0.101
CORE-A,213.151.32.60,868,xe-0/2/0.100
CORE-A,213.151.32.60,869,xe-0/2/0.96
CORE-A,213.151.32.60,870,xe-0/2/0.84
CORE-A,213.151.32.60,871,xe-0/2/0.81
CORE-A,213.151.32.60,872,xe-0/2/0.78
CORE-A,213.151.32.60,873,xe-0/2/0.77
CORE-A,213.151.32.60,874,xe-0/2/6.79
CORE-A,213.151.32.60,875,xe-0/0/8.6
CORE-A,213.151.32.60,876,xe-0/2/0.57
CORE-A,213.151.32.60,877,xe-0/2/0.55
CORE-A,213.151.32.60,878,xe-0/2/0.52
CORE-A,213.151.32.60,879,xe-0/2/0.50
CORE-A,213.151.32.60,880,xe-0/2/0.42
CORE-A,213.151.32.60,881,xe-0/2/0.41
CORE-A,213.151.32.60,882,xe-0/0/1.130
CORE-A,213.151.32.60,883,xe-0/2/0.28
CORE-A,213.151.32.60,884,xe-0/2/0.21
CORE-A,213.151.32.60,885,xe-0/2/0.17
CORE-A,213.151.32.60,886,xe-0/2/0.16
CORE-A,213.151.32.60,887,xe-0/2/0.15
CORE-A,213.151.32.60,888,xe-0/2/0.10
CORE-A,213.151.32.60,889,xe-0/2/0.8
CORE-A,213.151.32.60,890,xe-0/2/0.6
CORE-A,213.151.32.60,892,xe-0/2/1.3030
CORE-A,213.151.32.60,893,xe-0/2/1.3010
CORE-A,213.151.32.60,894,xe-0/2/1.2030
CORE-A,213.151.32.60,895,xe-0/2/1.2010
CORE-A,213.151.32.60,896,xe-0/0/5.28
CORE-A,213.151.32.60,897,xe-0/0/2.128
CORE-A,213.151.32.60,898,xe-0/2/1.1037
CORE-A,213.151.32.60,900,xe-0/2/1.1033
CORE-A,213.151.32.60,901,xe-0/0/5.41
CORE-A,213.151.32.60,902,xe-0/2/1.1027
CORE-A,213.151.32.60,903,xe-0/2/1.1021
CORE-A,213.151.32.60,904,xe-0/2/1.1020
CORE-A,213.151.32.60,905,xe-0/2/1.1012
CORE-A,213.151.32.60,906,xe-0/2/1.1007
CORE-A,213.151.32.60,907,xe-0/2/1.889
CORE-A,213.151.32.60,908,xe-0/2/1.714
CORE-A,213.151.32.60,909,xe-0/2/1.713
CORE-A,213.151.32.60,910,xe-0/2/1.712
CORE-A,213.151.32.60,911,xe-0/2/1.711
CORE-A,213.151.32.60,912,xe-0/2/1.710
CORE-A,213.151.32.60,913,xe-0/2/1.102
CORE-A,213.151.32.60,914,xe-0/2/1.101
CORE-A,213.151.32.60,915,xe-0/2/1.100
CORE-A,213.151.32.60,916,xe-0/2/1.96
CORE-A,213.151.32.60,917,xe-0/2/1.84
CORE-A,213.151.32.60,918,xe-0/2/1.81
CORE-A,213.151.32.60,919,xe-0/2/1.78
CORE-A,213.151.32.60,920,xe-0/2/1.77
CORE-A,213.151.32.60,921,xe-0/0/8.8
CORE-A,213.151.32.60,922,xe-0/0/8.10
CORE-A,213.151.32.60,923,xe-0/2/1.57
CORE-A,213.151.32.60,924,xe-0/2/1.55
CORE-A,213.151.32.60,925,xe-0/2/1.52
CORE-A,213.151.32.60,926,xe-0/2/1.50
CORE-A,213.151.32.60,927,xe-0/2/1.42
CORE-A,213.151.32.60,928,xe-0/2/1.41
CORE-A,213.151.32.60,929,xe-0/0/2.130
CORE-A,213.151.32.60,930,xe-0/2/1.28
CORE-A,213.151.32.60,931,xe-0/2/1.21
CORE-A,213.151.32.60,932,xe-0/2/1.17
CORE-A,213.151.32.60,933,xe-0/2/1.16
CORE-A,213.151.32.60,934,xe-0/2/1.15
CORE-A,213.151.32.60,935,xe-0/2/1.10
CORE-A,213.151.32.60,936,xe-0/2/1.8
CORE-A,213.151.32.60,937,xe-0/2/1.6
CORE-A,213.151.32.60,939,xe-0/2/2.3030
CORE-A,213.151.32.60,940,xe-0/2/2.3010
CORE-A,213.151.32.60,941,xe-0/2/2.2030
CORE-A,213.151.32.60,942,xe-0/2/2.2010
CORE-A,213.151.32.60,943,xe-0/0/5.42
CORE-A,213.151.32.60,944,xe-0/0/5.48
CORE-A,213.151.32.60,945,xe-0/2/2.1037
CORE-A,213.151.32.60,947,xe-0/2/2.1033
CORE-A,213.151.32.60,948,xe-0/0/5.49
CORE-A,213.151.32.60,949,xe-0/2/2.1027
CORE-A,213.151.32.60,950,xe-0/2/2.1021
CORE-A,213.151.32.60,951,xe-0/2/2.1020
CORE-A,213.151.32.60,952,xe-0/2/2.1012
CORE-A,213.151.32.60,953,xe-0/2/2.1007
CORE-A,213.151.32.60,954,xe-0/2/2.889
CORE-A,213.151.32.60,955,xe-0/2/2.714
CORE-A,213.151.32.60,956,xe-0/2/2.713
CORE-A,213.151.32.60,957,xe-0/2/2.712
CORE-A,213.151.32.60,958,xe-0/2/2.711
CORE-A,213.151.32.60,959,xe-0/2/2.710
CORE-A,213.151.32.60,960,xe-0/2/2.102
CORE-A,213.151.32.60,961,xe-0/2/2.101
CORE-A,213.151.32.60,962,xe-0/2/2.100
CORE-A,213.151.32.60,963,xe-0/2/2.96
CORE-A,213.151.32.60,964,xe-0/2/2.84
CORE-A,213.151.32.60,965,xe-0/2/2.81
CORE-A,213.151.32.60,966,xe-0/2/2.78
CORE-A,213.151.32.60,967,xe-0/2/2.77
CORE-A,213.151.32.60,968,xe-0/0/8.15
CORE-A,213.151.32.60,969,xe-0/0/8.16
CORE-A,213.151.32.60,970,xe-0/2/2.57
CORE-A,213.151.32.60,971,xe-0/2/2.55
CORE-A,213.151.32.60,972,xe-0/2/2.52
CORE-A,213.151.32.60,973,xe-0/2/2.50
CORE-A,213.151.32.60,974,xe-0/2/2.42
CORE-A,213.151.32.60,975,xe-0/2/2.41
CORE-A,213.151.32.60,976,xe-0/0/3.128
CORE-A,213.151.32.60,977,xe-0/2/2.28
CORE-A,213.151.32.60,978,xe-0/2/2.21
CORE-A,213.151.32.60,979,xe-0/2/2.17
CORE-A,213.151.32.60,980,xe-0/2/2.16
CORE-A,213.151.32.60,981,xe-0/2/2.15
CORE-A,213.151.32.60,982,xe-0/2/2.10
CORE-A,213.151.32.60,983,xe-0/2/2.8
CORE-A,213.151.32.60,984,xe-0/2/2.6
CORE-A,213.151.32.60,986,xe-0/2/3.3030
CORE-A,213.151.32.60,987,xe-0/2/3.3010
CORE-A,213.151.32.60,988,xe-0/2/3.2030
CORE-A,213.151.32.60,989,xe-0/2/3.2010
CORE-A,213.151.32.60,990,xe-0/0/5.50
CORE-A,213.151.32.60,991,xe-0/0/5.52
CORE-A,213.151.32.60,992,xe-0/2/3.1037
CORE-A,213.151.32.60,994,xe-0/2/3.1033
CORE-A,213.151.32.60,995,xe-0/0/5.55
CORE-A,213.151.32.60,996,xe-0/2/3.1027
CORE-A,213.151.32.60,997,xe-0/2/3.1021
CORE-A,213.151.32.60,998,xe-0/2/3.1020
CORE-A,213.151.32.60,999,xe-0/2/3.1012
CORE-A,213.151.32.60,1000,xe-0/2/3.1007
CORE-A,213.151.32.60,1001,xe-0/2/3.889
CORE-A,213.151.32.60,1002,xe-0/2/3.714
CORE-A,213.151.32.60,1003,xe-0/2/3.713
CORE-A,213.151.32.60,1004,xe-0/2/3.712
CORE-A,213.151.32.60,1005,xe-0/2/3.711
CORE-A,213.151.32.60,1006,xe-0/2/3.710
CORE-A,213.151.32.60,1007,xe-0/2/3.102
CORE-A,213.151.32.60,1008,xe-0/2/3.101
CORE-A,213.151.32.60,1009,xe-0/2/3.100
CORE-A,213.151.32.60,1010,xe-0/2/3.96
CORE-A,213.151.32.60,1011,xe-0/2/3.84
CORE-A,213.151.32.60,1012,xe-0/2/3.81
CORE-A,213.151.32.60,1013,xe-0/2/3.78
CORE-A,213.151.32.60,1014,xe-0/2/3.77
CORE-A,213.151.32.60,1015,xe-0/0/8.17
CORE-A,213.151.32.60,1016,xe-0/0/8.21
CORE-A,213.151.32.60,1017,xe-0/2/3.57
CORE-A,213.151.32.60,1018,xe-0/2/3.55
CORE-A,213.151.32.60,1019,xe-0/2/3.52
CORE-A,213.151.32.60,1020,xe-0/2/3.50
CORE-A,213.151.32.60,1021,xe-0/2/3.42
CORE-A,213.151.32.60,1022,xe-0/2/3.41
CORE-A,213.151.32.60,1023,xe-0/0/3.130
CORE-A,213.151.32.60,1024,xe-0/2/3.28
CORE-A,213.151.32.60,1025,xe-0/2/3.21
CORE-A,213.151.32.60,1026,xe-0/2/3.17
CORE-A,213.151.32.60,1027,xe-0/2/3.16
CORE-A,213.151.32.60,1028,xe-0/2/3.15
CORE-A,213.151.32.60,1029,xe-0/2/3.10
CORE-A,213.151.32.60,1030,xe-0/2/3.8
CORE-A,213.151.32.60,1031,xe-0/2/3.6
CORE-A,213.151.32.60,1033,xe-0/2/4.101
CORE-A,213.151.32.60,1034,xe-0/0/5.57
CORE-A,213.151.32.60,1035,xe-0/0/8.28
CORE-A,213.151.32.60,1036,xe-0/0/5.128
CORE-A,213.151.32.60,1037,xe-0/0/5.77
CORE-A,213.151.32.60,1038,xe-0/0/5.78
CORE-A,213.151.32.60,1039,xe-0/0/5.81
CORE-A,213.151.32.60,1040,xe-0/0/5.84
CORE-A,213.151.32.60,1041,xe-0/0/5.96
CORE-A,213.151.32.60,1042,gr-0/0/0.0
CORE-A,213.151.32.60,1043,gr-0/0/0.1
CORE-A,213.151.32.60,1044,ae0.103
CORE-A,213.151.32.60,1045,xe-0/0/0.103
CORE-A,213.151.32.60,1046,xe-0/0/1.103
CORE-A,213.151.32.60,1047,xe-0/0/2.103
CORE-A,213.151.32.60,1048,xe-0/0/3.103
CORE-A,213.151.32.60,1049,xe-0/2/0.103
CORE-A,213.151.32.60,1050,xe-0/2/1.103
CORE-A,213.151.32.60,1051,xe-0/2/2.103
CORE-A,213.151.32.60,1052,xe-0/2/3.103
CORE-A,213.151.32.60,1053,ae0.105
CORE-A,213.151.32.60,1054,xe-0/0/0.105
CORE-A,213.151.32.60,1055,xe-0/0/1.105
CORE-A,213.151.32.60,1056,xe-0/0/2.105
CORE-A,213.151.32.60,1057,xe-0/0/3.105
CORE-A,213.151.32.60,1058,xe-0/2/0.105
CORE-A,213.151.32.60,1059,xe-0/2/1.105
CORE-A,213.151.32.60,1060,xe-0/2/2.105
CORE-A,213.151.32.60,1061,xe-0/2/3.105
CORE-A,213.151.32.60,1062,ae0.109
CORE-A,213.151.32.60,1063,ae0.107
CORE-A,213.151.32.60,1064,xe-0/0/0.109
CORE-A,213.151.32.60,1065,xe-0/0/0.107
CORE-A,213.151.32.60,1066,xe-0/0/1.109
CORE-A,213.151.32.60,1067,xe-0/0/1.107
CORE-A,213.151.32.60,1068,xe-0/0/2.109
CORE-A,213.151.32.60,1069,xe-0/0/2.107
CORE-A,213.151.32.60,1070,xe-0/0/3.109
CORE-A,213.151.32.60,1071,xe-0/0/3.107
CORE-A,213.151.32.60,1072,xe-0/2/0.109
CORE-A,213.151.32.60,1073,xe-0/2/0.107
CORE-A,213.151.32.60,1074,xe-0/2/1.109
CORE-A,213.151.32.60,1075,xe-0/2/1.107
CORE-A,213.151.32.60,1076,xe-0/2/2.109
CORE-A,213.151.32.60,1077,xe-0/2/2.107
CORE-A,213.151.32.60,1078,xe-0/2/3.109
CORE-A,213.151.32.60,1079,xe-0/2/3.107
CORE-A,213.151.32.60,1080,ae0.49
CORE-A,213.151.32.60,1081,xe-0/0/0.49
CORE-A,213.151.32.60,1082,xe-0/0/1.49
CORE-A,213.151.32.60,1083,xe-0/0/2.49
CORE-A,213.151.32.60,1084,xe-0/0/3.49
CORE-A,213.151.32.60,1085,xe-0/2/0.49
CORE-A,213.151.32.60,1086,xe-0/2/1.49
CORE-A,213.151.32.60,1087,xe-0/2/2.49
CORE-A,213.151.32.60,1088,xe-0/2/3.49
CORE-A,213.151.32.60,1089,ae0.48
CORE-A,213.151.32.60,1090,xe-0/0/0.48
CORE-A,213.151.32.60,1091,xe-0/0/1.48
CORE-A,213.151.32.60,1092,xe-0/0/2.48
CORE-A,213.151.32.60,1093,xe-0/0/3.48
CORE-A,213.151.32.60,1094,xe-0/2/0.48
CORE-A,213.151.32.60,1095,xe-0/2/1.48
CORE-A,213.151.32.60,1096,xe-0/2/2.48
CORE-A,213.151.32.60,1097,xe-0/2/3.48
CORE-A,213.151.32.60,1098,xe-0/0/5.100
CORE-A,213.151.32.60,1099,xe-0/0/5.101
CORE-A,213.151.32.60,1100,xe-0/0/5.102
CORE-A,213.151.32.60,1101,xe-0/0/5.103
CORE-A,213.151.32.60,1102,xe-0/0/5.105
CORE-A,213.151.32.60,1103,xe-0/0/5.107
CORE-A,213.151.32.60,1104,xe-0/0/5.109
CORE-A,213.151.32.60,1105,xe-0/0/5.710
CORE-A,213.151.32.60,1106,xe-0/0/5.711
CORE-A,213.151.32.60,1107,xe-0/0/5.712
CORE-A,213.151.32.60,1108,xe-0/0/5.713
CORE-A,213.151.32.60,1109,xe-0/0/5.714
CORE-A,213.151.32.60,1110,xe-0/0/5.889
CORE-A,213.151.32.60,1111,xe-0/0/5.1007
CORE-A,213.151.32.60,1112,xe-0/0/5.1012
CORE-A,213.151.32.60,1113,xe-0/0/5.1020
CORE-A,213.151.32.60,1114,xe-0/0/5.1021
CORE-A,213.151.32.60,1115,xe-0/0/5.1025
CORE-A,213.151.32.60,1116,xe-0/0/5.1027
CORE-A,213.151.32.60,1117,xe-0/0/5.1028
CORE-A,213.151.32.60,1118,xe-0/0/5.1033
CORE-A,213.151.32.60,1120,xe-0/0/5.1037
CORE-A,213.151.32.60,1121,xe-0/0/5.2007
CORE-A,213.151.32.60,1122,xe-0/0/5.2010
CORE-A,213.151.32.60,1123,xe-0/0/5.2030
CORE-A,213.151.32.60,1124,xe-0/0/5.3010
CORE-A,213.151.32.60,1125,xe-0/0/5.3030
CORE-A,213.151.32.60,1127,xe-0/2/5.6
CORE-A,213.151.32.60,1128,xe-0/2/5.8
CORE-A,213.151.32.60,1129,xe-0/2/5.10
CORE-A,213.151.32.60,1130,xe-0/2/5.15
CORE-A,213.151.32.60,1131,xe-0/2/5.16
CORE-A,213.151.32.60,1132,xe-0/2/5.17
CORE-A,213.151.32.60,1133,xe-0/2/5.21
CORE-A,213.151.32.60,1134,xe-0/2/5.28
CORE-A,213.151.32.60,1135,xe-0/0/5.130
CORE-A,213.151.32.60,1136,xe-0/2/5.41
CORE-A,213.151.32.60,1137,xe-0/2/5.42
CORE-A,213.151.32.60,1138,xe-0/2/5.48
CORE-A,213.151.32.60,1139,xe-0/2/5.49
CORE-A,213.151.32.60,1140,xe-0/2/5.50
CORE-A,213.151.32.60,1141,xe-0/2/5.52
CORE-A,213.151.32.60,1142,xe-0/2/5.55
CORE-A,213.151.32.60,1143,xe-0/2/5.57
CORE-A,213.151.32.60,1144,xe-0/0/8.41
CORE-A,213.151.32.60,1145,xe-0/0/8.42
CORE-A,213.151.32.60,1146,xe-0/2/5.77
CORE-A,213.151.32.60,1147,xe-0/2/5.78
CORE-A,213.151.32.60,1148,xe-0/2/5.81
CORE-A,213.151.32.60,1149,xe-0/2/5.84
CORE-A,213.151.32.60,1150,xe-0/2/5.96
CORE-A,213.151.32.60,1151,xe-0/2/5.100
CORE-A,213.151.32.60,1152,xe-0/2/5.101
CORE-A,213.151.32.60,1153,xe-0/2/5.102
CORE-A,213.151.32.60,1154,xe-0/2/5.103
CORE-A,213.151.32.60,1155,xe-0/2/5.105
CORE-A,213.151.32.60,1156,xe-0/2/5.107
CORE-A,213.151.32.60,1157,xe-0/2/5.109
CORE-A,213.151.32.60,1158,xe-0/2/5.710
CORE-A,213.151.32.60,1159,xe-0/2/5.711
CORE-A,213.151.32.60,1160,xe-0/2/5.712
CORE-A,213.151.32.60,1161,xe-0/2/5.713
CORE-A,213.151.32.60,1162,xe-0/2/5.714
CORE-A,213.151.32.60,1163,xe-0/2/5.889
CORE-A,213.151.32.60,1164,xe-0/2/5.1007
CORE-A,213.151.32.60,1165,xe-0/2/5.1012
CORE-A,213.151.32.60,1166,xe-0/2/5.1020
CORE-A,213.151.32.60,1167,xe-0/2/5.1021
CORE-A,213.151.32.60,1168,xe-0/2/5.1025
CORE-A,213.151.32.60,1169,xe-0/2/5.1027
CORE-A,213.151.32.60,1170,xe-0/2/5.1028
CORE-A,213.151.32.60,1171,xe-0/2/5.1033
CORE-A,213.151.32.60,1173,xe-0/2/5.1037
CORE-A,213.151.32.60,1174,xe-0/2/5.2007
CORE-A,213.151.32.60,1175,xe-0/2/5.2010
CORE-A,213.151.32.60,1176,xe-0/2/5.2030
CORE-A,213.151.32.60,1177,xe-0/2/5.3010
CORE-A,213.151.32.60,1178,xe-0/2/5.3030
CORE-A,213.151.32.60,1180,ae0.1080
CORE-A,213.151.32.60,1181,xe-0/0/0.1080
CORE-A,213.151.32.60,1182,xe-0/0/1.1080
CORE-A,213.151.32.60,1183,xe-0/0/2.1080
CORE-A,213.151.32.60,1184,xe-0/0/3.1080
CORE-A,213.151.32.60,1185,xe-0/0/5.1080
CORE-A,213.151.32.60,1186,xe-0/2/0.1080
CORE-A,213.151.32.60,1187,xe-0/2/1.1080
CORE-A,213.151.32.60,1188,xe-0/2/2.1080
CORE-A,213.151.32.60,1189,xe-0/2/3.1080
CORE-A,213.151.32.60,1190,xe-0/2/5.1080
CORE-A,213.151.32.60,1202,ae0.59
CORE-A,213.151.32.60,1203,ae0.60
CORE-A,213.151.32.60,1204,xe-0/0/0.59
CORE-A,213.151.32.60,1205,xe-0/0/0.60
CORE-A,213.151.32.60,1206,xe-0/0/1.59
CORE-A,213.151.32.60,1207,xe-0/0/1.60
CORE-A,213.151.32.60,1208,xe-0/0/2.59
CORE-A,213.151.32.60,1209,xe-0/0/2.60
CORE-A,213.151.32.60,1210,xe-0/0/3.59
CORE-A,213.151.32.60,1211,xe-0/0/3.60
CORE-A,213.151.32.60,1212,xe-0/0/5.59
CORE-A,213.151.32.60,1213,xe-0/0/5.60
CORE-A,213.151.32.60,1214,xe-0/2/0.59
CORE-A,213.151.32.60,1215,xe-0/2/0.60
CORE-A,213.151.32.60,1216,xe-0/2/1.59
CORE-A,213.151.32.60,1217,xe-0/2/1.60
CORE-A,213.151.32.60,1218,xe-0/2/2.59
CORE-A,213.151.32.60,1219,xe-0/2/2.60
CORE-A,213.151.32.60,1220,xe-0/2/3.59
CORE-A,213.151.32.60,1221,xe-0/2/3.60
CORE-A,213.151.32.60,1222,xe-0/2/5.59
CORE-A,213.151.32.60,1223,xe-0/2/5.60
CORE-A,213.151.32.60,1224,ae0.63
CORE-A,213.151.32.60,1225,ae0.65
CORE-A,213.151.32.60,1226,xe-0/0/0.63
CORE-A,213.151.32.60,1227,xe-0/0/0.65
CORE-A,213.151.32.60,1228,xe-0/0/1.63
CORE-A,213.151.32.60,1229,xe-0/0/1.65
CORE-A,213.151.32.60,1230,xe-0/0/2.63
CORE-A,213.151.32.60,1231,xe-0/0/2.65
CORE-A,213.151.32.60,1232,xe-0/0/3.63
CORE-A,213.151.32.60,1233,xe-0/0/3.65
CORE-A,213.151.32.60,1234,xe-0/0/5.63
CORE-A,213.151.32.60,1235,xe-0/0/5.65
CORE-A,213.151.32.60,1236,xe-0/2/0.63
CORE-A,213.151.32.60,1237,xe-0/2/0.65
CORE-A,213.151.32.60,1238,xe-0/2/1.63
CORE-A,213.151.32.60,1239,xe-0/2/1.65
CORE-A,213.151.32.60,1240,xe-0/2/2.63
CORE-A,213.151.32.60,1241,xe-0/2/2.65
CORE-A,213.151.32.60,1242,xe-0/2/3.63
CORE-A,213.151.32.60,1243,xe-0/2/3.65
CORE-A,213.151.32.60,1244,xe-0/2/5.63
CORE-A,213.151.32.60,1245,xe-0/2/5.65
CORE-A,213.151.32.60,1246,xe-0/0/8.48
CORE-A,213.151.32.60,1247,xe-0/0/8.49
CORE-A,213.151.32.60,1248,xe-0/0/8.50
CORE-A,213.151.32.60,1249,xe-0/0/8.52
CORE-A,213.151.32.60,1250,xe-0/0/8.55
CORE-A,213.151.32.60,1251,xe-0/0/8.57
CORE-A,213.151.32.60,1252,xe-0/0/8.59
CORE-A,213.151.32.60,1253,xe-0/0/8.60
CORE-A,213.151.32.60,1254,xe-0/0/8.63
CORE-A,213.151.32.60,1255,xe-0/0/8.65
CORE-A,213.151.32.60,1256,xe-0/0/8.67
CORE-A,213.151.32.60,1257,xe-0/0/8.77
CORE-A,213.151.32.60,1258,xe-0/0/8.78
CORE-A,213.151.32.60,1259,xe-0/0/8.79
CORE-A,213.151.32.60,1260,xe-0/0/8.81
CORE-A,213.151.32.60,1261,xe-0/0/8.84
CORE-A,213.151.32.60,1262,xe-0/0/8.85
CORE-A,213.151.32.60,1263,xe-0/0/8.96
CORE-A,213.151.32.60,1264,xe-0/0/8.100
CORE-A,213.151.32.60,1265,xe-0/0/8.101
CORE-A,213.151.32.60,1266,xe-0/0/8.102
CORE-A,213.151.32.60,1267,xe-0/0/8.103
CORE-A,213.151.32.60,1268,ae0.67
CORE-A,213.151.32.60,1269,xe-0/0/8.105
CORE-A,213.151.32.60,1270,xe-0/0/0.67
CORE-A,213.151.32.60,1271,xe-0/0/8.107
CORE-A,213.151.32.60,1272,xe-0/0/1.67
CORE-A,213.151.32.60,1273,xe-0/0/8.109
CORE-A,213.151.32.60,1274,xe-0/0/2.67
CORE-A,213.151.32.60,1275,xe-0/0/8.112
CORE-A,213.151.32.60,1276,xe-0/0/3.67
CORE-A,213.151.32.60,1277,xe-0/0/8.123
CORE-A,213.151.32.60,1278,xe-0/0/5.67
CORE-A,213.151.32.60,1279,xe-0/0/8.710
CORE-A,213.151.32.60,1280,xe-0/2/0.67
CORE-A,213.151.32.60,1281,xe-0/0/8.711
CORE-A,213.151.32.60,1282,xe-0/2/1.67
CORE-A,213.151.32.60,1283,xe-0/0/8.712
CORE-A,213.151.32.60,1284,xe-0/2/2.67
CORE-A,213.151.32.60,1285,xe-0/0/8.713
CORE-A,213.151.32.60,1286,xe-0/2/3.67
CORE-A,213.151.32.60,1287,xe-0/0/8.714
CORE-A,213.151.32.60,1288,xe-0/2/5.67
CORE-A,213.151.32.60,1289,xe-0/0/8.889
CORE-A,213.151.32.60,1290,ae0.85
CORE-A,213.151.32.60,1291,xe-0/0/0.85
CORE-A,213.151.32.60,1292,xe-0/0/1.85
CORE-A,213.151.32.60,1293,xe-0/0/2.85
CORE-A,213.151.32.60,1294,xe-0/0/3.85
CORE-A,213.151.32.60,1295,xe-0/0/5.85
CORE-A,213.151.32.60,1296,xe-0/2/0.85
CORE-A,213.151.32.60,1297,xe-0/2/1.85
CORE-A,213.151.32.60,1298,xe-0/2/2.85
CORE-A,213.151.32.60,1299,xe-0/2/3.85
CORE-A,213.151.32.60,1300,xe-0/2/5.85
CORE-A,213.151.32.60,1301,ae0.2008
CORE-A,213.151.32.60,1302,xe-0/0/0.2008
CORE-A,213.151.32.60,1303,xe-0/0/1.2008
CORE-A,213.151.32.60,1304,xe-0/0/2.2008
CORE-A,213.151.32.60,1305,xe-0/0/3.2008
CORE-A,213.151.32.60,1306,xe-0/0/5.2008
CORE-A,213.151.32.60,1307,xe-0/2/0.2008
CORE-A,213.151.32.60,1308,xe-0/2/1.2008
CORE-A,213.151.32.60,1309,xe-0/2/2.2008
CORE-A,213.151.32.60,1310,xe-0/2/3.2008
CORE-A,213.151.32.60,1311,xe-0/2/5.2008
CORE-A,213.151.32.60,1312,ae0.112
CORE-A,213.151.32.60,1313,xe-0/0/0.112
CORE-A,213.151.32.60,1314,xe-0/0/1.112
CORE-A,213.151.32.60,1315,xe-0/0/2.112
CORE-A,213.151.32.60,1316,xe-0/0/3.112
CORE-A,213.151.32.60,1317,xe-0/0/5.112
CORE-A,213.151.32.60,1318,xe-0/2/0.112
CORE-A,213.151.32.60,1319,xe-0/2/1.112
CORE-A,213.151.32.60,1320,xe-0/2/2.112
CORE-A,213.151.32.60,1321,xe-0/2/3.112
CORE-A,213.151.32.60,1322,xe-0/2/5.112
CORE-A,213.151.32.60,1323,ae0.123
CORE-A,213.151.32.60,1324,xe-0/0/0.123
CORE-A,213.151.32.60,1325,xe-0/0/1.123
CORE-A,213.151.32.60,1326,xe-0/0/2.123
CORE-A,213.151.32.60,1327,xe-0/0/3.123
CORE-A,213.151.32.60,1328,xe-0/0/5.123
CORE-A,213.151.32.60,1329,xe-0/2/0.123
CORE-A,213.151.32.60,1330,xe-0/2/1.123
CORE-A,213.151.32.60,1331,xe-0/2/2.123
CORE-A,213.151.32.60,1332,xe-0/2/3.123
CORE-A,213.151.32.60,1333,xe-0/2/5.123
CORE-A,213.151.32.60,1334,xe-0/0/6.6
CORE-A,213.151.32.60,1335,xe-0/0/6.8
CORE-A,213.151.32.60,1336,xe-0/0/6.10
CORE-A,213.151.32.60,1337,xe-0/0/6.15
CORE-A,213.151.32.60,1338,xe-0/0/6.16
CORE-A,213.151.32.60,1339,xe-0/0/6.17
CORE-A,213.151.32.60,1340,xe-0/0/6.21
CORE-A,213.151.32.60,1341,xe-0/0/6.28
CORE-A,213.151.32.60,1342,xe-0/0/6.128
CORE-A,213.151.32.60,1343,xe-0/0/6.41
CORE-A,213.151.32.60,1344,xe-0/0/6.42
CORE-A,213.151.32.60,1345,xe-0/0/6.48
CORE-A,213.151.32.60,1346,xe-0/0/6.49
CORE-A,213.151.32.60,1347,xe-0/0/6.50
CORE-A,213.151.32.60,1348,xe-0/0/6.52
CORE-A,213.151.32.60,1349,xe-0/0/6.55
CORE-A,213.151.32.60,1350,xe-0/0/6.57
CORE-A,213.151.32.60,1351,xe-0/0/6.59
CORE-A,213.151.32.60,1352,xe-0/0/6.60
CORE-A,213.151.32.60,1353,xe-0/0/6.63
CORE-A,213.151.32.60,1354,xe-0/0/6.65
CORE-A,213.151.32.60,1355,xe-0/0/6.67
CORE-A,213.151.32.60,1356,xe-0/0/6.77
CORE-A,213.151.32.60,1357,xe-0/0/6.78
CORE-A,213.151.32.60,1358,xe-0/0/6.81
CORE-A,213.151.32.60,1359,xe-0/0/6.84
CORE-A,213.151.32.60,1360,xe-0/0/6.85
CORE-A,213.151.32.60,1361,xe-0/0/6.96
CORE-A,213.151.32.60,1362,xe-0/0/6.100
CORE-A,213.151.32.60,1363,xe-0/0/6.101
CORE-A,213.151.32.60,1364,xe-0/0/6.102
CORE-A,213.151.32.60,1365,xe-0/0/6.103
CORE-A,213.151.32.60,1366,xe-0/0/6.105
CORE-A,213.151.32.60,1367,xe-0/0/6.107
CORE-A,213.151.32.60,1368,xe-0/0/6.109
CORE-A,213.151.32.60,1369,xe-0/0/6.112
CORE-A,213.151.32.60,1370,xe-0/0/6.123
CORE-A,213.151.32.60,1371,xe-0/0/6.710
CORE-A,213.151.32.60,1372,xe-0/0/6.711
CORE-A,213.151.32.60,1373,xe-0/0/6.712
CORE-A,213.151.32.60,1374,xe-0/0/6.713
CORE-A,213.151.32.60,1375,xe-0/0/6.714
CORE-A,213.151.32.60,1376,xe-0/0/6.889
CORE-A,213.151.32.60,1377,xe-0/0/6.1007
CORE-A,213.151.32.60,1378,xe-0/0/6.1012
CORE-A,213.151.32.60,1380,xe-0/0/6.1020
CORE-A,213.151.32.60,1381,xe-0/0/6.1021
CORE-A,213.151.32.60,1382,xe-0/0/6.1025
CORE-A,213.151.32.60,1383,xe-0/0/6.1027
CORE-A,213.151.32.60,1384,xe-0/0/6.1028
CORE-A,213.151.32.60,1385,xe-0/0/6.1033
CORE-A,213.151.32.60,1387,xe-0/0/6.1037
CORE-A,213.151.32.60,1388,xe-0/0/6.1080
CORE-A,213.151.32.60,1389,xe-0/0/6.2007
CORE-A,213.151.32.60,1390,xe-0/0/6.2008
CORE-A,213.151.32.60,1391,xe-0/0/6.2010
CORE-A,213.151.32.60,1392,xe-0/0/6.2030
CORE-A,213.151.32.60,1393,xe-0/0/6.3010
CORE-A,213.151.32.60,1394,xe-0/0/6.3030
CORE-A,213.151.32.60,1396,xe-0/2/6.6
CORE-A,213.151.32.60,1397,xe-0/2/6.8
CORE-A,213.151.32.60,1398,xe-0/2/6.10
CORE-A,213.151.32.60,1399,xe-0/2/6.15
CORE-A,213.151.32.60,1400,xe-0/2/6.16
CORE-A,213.151.32.60,1401,xe-0/2/6.17
CORE-A,213.151.32.60,1402,xe-0/2/6.21
CORE-A,213.151.32.60,1403,xe-0/2/6.28
CORE-A,213.151.32.60,1404,xe-0/0/6.130
CORE-A,213.151.32.60,1405,xe-0/2/6.41
CORE-A,213.151.32.60,1406,xe-0/2/6.42
CORE-A,213.151.32.60,1407,xe-0/2/6.48
CORE-A,213.151.32.60,1408,xe-0/2/6.49
CORE-A,213.151.32.60,1409,xe-0/2/6.50
CORE-A,213.151.32.60,1410,xe-0/2/6.52
CORE-A,213.151.32.60,1411,xe-0/2/6.55
CORE-A,213.151.32.60,1412,xe-0/2/6.57
CORE-A,213.151.32.60,1413,xe-0/2/6.59
CORE-A,213.151.32.60,1414,xe-0/2/6.60
CORE-A,213.151.32.60,1415,xe-0/2/6.63
CORE-A,213.151.32.60,1416,xe-0/2/6.65
CORE-A,213.151.32.60,1417,xe-0/2/6.67
CORE-A,213.151.32.60,1418,xe-0/2/6.77
CORE-A,213.151.32.60,1419,xe-0/2/6.78
CORE-A,213.151.32.60,1420,xe-0/2/6.81
CORE-A,213.151.32.60,1421,xe-0/2/6.84
CORE-A,213.151.32.60,1422,xe-0/2/6.85
CORE-A,213.151.32.60,1423,xe-0/2/6.96
CORE-A,213.151.32.60,1424,xe-0/2/6.100
CORE-A,213.151.32.60,1425,xe-0/2/6.101
CORE-A,213.151.32.60,1426,xe-0/2/6.102
CORE-A,213.151.32.60,1427,xe-0/2/6.103
CORE-A,213.151.32.60,1428,xe-0/2/6.105
CORE-A,213.151.32.60,1429,xe-0/2/6.107
CORE-A,213.151.32.60,1430,xe-0/2/6.109
CORE-A,213.151.32.60,1431,xe-0/2/6.112
CORE-A,213.151.32.60,1432,xe-0/2/6.123
CORE-A,213.151.32.60,1433,xe-0/2/6.710
CORE-A,213.151.32.60,1434,xe-0/2/6.711
CORE-A,213.151.32.60,1435,xe-0/2/6.712
CORE-A,213.151.32.60,1436,xe-0/2/6.713
CORE-A,213.151.32.60,1437,xe-0/2/6.714
CORE-A,213.151.32.60,1438,xe-0/2/6.889
CORE-A,213.151.32.60,1439,xe-0/2/6.1007
CORE-A,213.151.32.60,1440,xe-0/2/6.1012
CORE-A,213.151.32.60,1442,xe-0/2/6.1020
CORE-A,213.151.32.60,1443,xe-0/2/6.1021
CORE-A,213.151.32.60,1444,xe-0/2/6.1025
CORE-A,213.151.32.60,1445,xe-0/2/6.1027
CORE-A,213.151.32.60,1446,xe-0/2/6.1028
CORE-A,213.151.32.60,1447,xe-0/2/6.1033
CORE-A,213.151.32.60,1449,xe-0/2/6.1037
CORE-A,213.151.32.60,1450,xe-0/2/6.1080
CORE-A,213.151.32.60,1451,xe-0/2/6.2007
CORE-A,213.151.32.60,1452,xe-0/2/6.2008
CORE-A,213.151.32.60,1453,xe-0/2/6.2010
CORE-A,213.151.32.60,1454,xe-0/2/6.2030
CORE-A,213.151.32.60,1455,xe-0/2/6.3010
CORE-A,213.151.32.60,1456,xe-0/2/6.3030
CORE-A,213.151.32.60,1458,xe-0/0/8.1007
CORE-A,213.151.32.60,1459,xe-0/0/8.1012
CORE-A,213.151.32.60,1461,xe-0/0/8.1020
CORE-A,213.151.32.60,1462,xe-0/0/8.1021
CORE-A,213.151.32.60,1463,xe-0/0/8.1025
CORE-A,213.151.32.60,1464,xe-0/0/8.1027
CORE-A,213.151.32.60,1465,xe-0/0/8.1028
CORE-A,213.151.32.60,1466,xe-0/0/8.1033
CORE-A,213.151.32.60,1468,xe-0/0/8.1037
CORE-A,213.151.32.60,1469,xe-0/0/8.1080
CORE-A,213.151.32.60,1470,xe-0/0/8.2007
CORE-A,213.151.32.60,1471,xe-0/0/8.2008
CORE-A,213.151.32.60,1472,xe-0/0/8.2010
CORE-A,213.151.32.60,1473,xe-0/0/8.2030
CORE-A,213.151.32.60,1474,xe-0/0/8.3010
CORE-A,213.151.32.60,1475,xe-0/0/8.3030
CORE-A,213.151.32.60,1477,xe-0/0/7.6
CORE-A,213.151.32.60,1478,xe-0/0/7.8
CORE-A,213.151.32.60,1479,xe-0/0/7.10
CORE-A,213.151.32.60,1480,xe-0/0/7.15
CORE-A,213.151.32.60,1481,xe-0/0/7.16
CORE-A,213.151.32.60,1482,xe-0/0/7.17
CORE-A,213.151.32.60,1483,xe-0/0/7.21
CORE-A,213.151.32.60,1484,xe-0/0/7.28
CORE-A,213.151.32.60,1485,xe-0/0/7.128
CORE-A,213.151.32.60,1486,xe-0/0/7.41
CORE-A,213.151.32.60,1487,xe-0/0/7.42
CORE-A,213.151.32.60,1488,xe-0/0/7.48
CORE-A,213.151.32.60,1489,xe-0/0/7.49
CORE-A,213.151.32.60,1490,xe-0/0/7.50
CORE-A,213.151.32.60,1491,xe-0/0/7.52
CORE-A,213.151.32.60,1492,xe-0/0/7.55
CORE-A,213.151.32.60,1493,xe-0/0/7.57
CORE-A,213.151.32.60,1494,xe-0/0/7.59
CORE-A,213.151.32.60,1495,xe-0/0/7.60
CORE-A,213.151.32.60,1496,xe-0/0/7.63
CORE-A,213.151.32.60,1497,xe-0/0/7.65
CORE-A,213.151.32.60,1498,xe-0/0/7.67
CORE-A,213.151.32.60,1499,xe-0/0/7.77
CORE-A,213.151.32.60,1500,xe-0/0/7.78
CORE-A,213.151.32.60,1501,xe-0/0/7.79
CORE-A,213.151.32.60,1502,xe-0/0/7.81
CORE-A,213.151.32.60,1503,xe-0/0/7.84
CORE-A,213.151.32.60,1504,xe-0/0/7.85
CORE-A,213.151.32.60,1505,xe-0/0/7.96
CORE-A,213.151.32.60,1506,xe-0/0/7.100
CORE-A,213.151.32.60,1507,xe-0/0/7.101
CORE-A,213.151.32.60,1508,xe-0/0/7.102
CORE-A,213.151.32.60,1509,xe-0/0/7.103
CORE-A,213.151.32.60,1510,xe-0/0/7.105
CORE-A,213.151.32.60,1511,xe-0/0/7.107
CORE-A,213.151.32.60,1512,xe-0/0/7.109
CORE-A,213.151.32.60,1513,xe-0/0/7.112
CORE-A,213.151.32.60,1514,xe-0/0/7.123
CORE-A,213.151.32.60,1515,xe-0/0/7.710
CORE-A,213.151.32.60,1516,xe-0/0/7.711
CORE-A,213.151.32.60,1517,xe-0/0/7.712
CORE-A,213.151.32.60,1518,xe-0/0/7.713
CORE-A,213.151.32.60,1519,xe-0/0/7.714
CORE-A,213.151.32.60,1520,xe-0/0/7.889
CORE-A,213.151.32.60,1521,xe-0/0/7.1007
CORE-A,213.151.32.60,1522,xe-0/0/7.1012
CORE-A,213.151.32.60,1524,xe-0/0/7.1020
CORE-A,213.151.32.60,1525,xe-0/0/7.1021
CORE-A,213.151.32.60,1526,xe-0/0/7.1025
CORE-A,213.151.32.60,1527,xe-0/0/7.1027
CORE-A,213.151.32.60,1528,xe-0/0/7.1028
CORE-A,213.151.32.60,1529,xe-0/0/7.1033
CORE-A,213.151.32.60,1531,xe-0/0/7.1037
CORE-A,213.151.32.60,1532,xe-0/0/7.1080
CORE-A,213.151.32.60,1533,xe-0/0/7.2007
CORE-A,213.151.32.60,1534,xe-0/0/7.2008
CORE-A,213.151.32.60,1535,xe-0/0/7.2010
CORE-A,213.151.32.60,1536,xe-0/0/7.2030
CORE-A,213.151.32.60,1537,xe-0/0/7.3010
CORE-A,213.151.32.60,1538,xe-0/0/7.3030
CORE-A,213.151.32.60,1540,xe-0/2/7.6
CORE-A,213.151.32.60,1541,xe-0/2/7.8
CORE-A,213.151.32.60,1542,xe-0/2/7.10
CORE-A,213.151.32.60,1543,xe-0/2/7.15
CORE-A,213.151.32.60,1544,xe-0/2/7.16
CORE-A,213.151.32.60,1545,xe-0/2/7.17
CORE-A,213.151.32.60,1546,xe-0/2/7.21
CORE-A,213.151.32.60,1547,xe-0/2/7.28
CORE-A,213.151.32.60,1548,xe-0/0/7.130
CORE-A,213.151.32.60,1549,xe-0/2/7.41
CORE-A,213.151.32.60,1550,xe-0/2/7.42
CORE-A,213.151.32.60,1551,xe-0/2/7.48
CORE-A,213.151.32.60,1552,xe-0/2/7.49
CORE-A,213.151.32.60,1553,xe-0/2/7.50
CORE-A,213.151.32.60,1554,xe-0/2/7.52
CORE-A,213.151.32.60,1555,xe-0/2/7.55
CORE-A,213.151.32.60,1556,xe-0/2/7.57
CORE-A,213.151.32.60,1557,xe-0/2/7.59
CORE-A,213.151.32.60,1558,xe-0/2/7.60
CORE-A,213.151.32.60,1559,xe-0/2/7.63
CORE-A,213.151.32.60,1560,xe-0/2/7.65
CORE-A,213.151.32.60,1561,xe-0/2/7.67
CORE-A,213.151.32.60,1562,xe-0/2/7.77
CORE-A,213.151.32.60,1563,xe-0/2/7.78
CORE-A,213.151.32.60,1564,xe-0/2/7.79
CORE-A,213.151.32.60,1565,xe-0/2/7.81
CORE-A,213.151.32.60,1566,xe-0/2/7.84
CORE-A,213.151.32.60,1567,xe-0/2/7.85
CORE-A,213.151.32.60,1568,xe-0/2/7.96
CORE-A,213.151.32.60,1569,xe-0/2/7.100
CORE-A,213.151.32.60,1570,xe-0/2/7.101
CORE-A,213.151.32.60,1571,xe-0/2/7.102
CORE-A,213.151.32.60,1572,xe-0/2/7.103
CORE-A,213.151.32.60,1573,xe-0/2/7.105
CORE-A,213.151.32.60,1574,xe-0/2/7.107
CORE-A,213.151.32.60,1575,xe-0/2/7.109
CORE-A,213.151.32.60,1576,xe-0/2/7.112
CORE-A,213.151.32.60,1577,xe-0/2/7.123
CORE-A,213.151.32.60,1578,xe-0/2/7.710
CORE-A,213.151.32.60,1579,xe-0/2/7.711
CORE-A,213.151.32.60,1580,xe-0/2/7.712
CORE-A,213.151.32.60,1581,xe-0/2/7.713
CORE-A,213.151.32.60,1582,xe-0/2/7.714
CORE-A,213.151.32.60,1583,xe-0/2/7.889
CORE-A,213.151.32.60,1584,xe-0/2/7.1007
CORE-A,213.151.32.60,1585,xe-0/2/7.1012
CORE-A,213.151.32.60,1587,xe-0/2/7.1020
CORE-A,213.151.32.60,1588,xe-0/2/7.1021
CORE-A,213.151.32.60,1589,xe-0/2/7.1025
CORE-A,213.151.32.60,1590,xe-0/2/7.1027
CORE-A,213.151.32.60,1591,xe-0/2/7.1028
CORE-A,213.151.32.60,1592,xe-0/2/7.1033
CORE-A,213.151.32.60,1594,xe-0/2/7.1037
CORE-A,213.151.32.60,1595,xe-0/2/7.1080
CORE-A,213.151.32.60,1596,xe-0/2/7.2007
CORE-A,213.151.32.60,1597,xe-0/2/7.2008
CORE-A,213.151.32.60,1598,xe-0/2/7.2010
CORE-A,213.151.32.60,1599,xe-0/2/7.2030
CORE-A,213.151.32.60,1600,xe-0/2/7.3010
CORE-A,213.151.32.60,1601,xe-0/2/7.3030
CORE-A,213.151.32.60,1603,xe-0/2/8.6
CORE-A,213.151.32.60,1604,xe-0/2/8.8
CORE-A,213.151.32.60,1605,xe-0/2/8.10
CORE-A,213.151.32.60,1606,xe-0/2/8.15
CORE-A,213.151.32.60,1607,xe-0/2/8.16
CORE-A,213.151.32.60,1608,xe-0/2/8.17
CORE-A,213.151.32.60,1609,xe-0/2/8.21
CORE-A,213.151.32.60,1610,xe-0/2/8.28
CORE-A,213.151.32.60,1611,xe-0/0/8.128
CORE-A,213.151.32.60,1612,xe-0/2/8.41
CORE-A,213.151.32.60,1613,xe-0/2/8.42
CORE-A,213.151.32.60,1614,xe-0/2/8.48
CORE-A,213.151.32.60,1615,xe-0/2/8.49
CORE-A,213.151.32.60,1616,xe-0/2/8.50
CORE-A,213.151.32.60,1617,xe-0/2/8.52
CORE-A,213.151.32.60,1618,xe-0/2/8.55
CORE-A,213.151.32.60,1619,xe-0/2/8.57
CORE-A,213.151.32.60,1620,xe-0/2/8.59
CORE-A,213.151.32.60,1621,xe-0/2/8.60
CORE-A,213.151.32.60,1622,xe-0/2/8.63
CORE-A,213.151.32.60,1623,xe-0/2/8.65
CORE-A,213.151.32.60,1624,xe-0/2/8.67
CORE-A,213.151.32.60,1625,xe-0/2/8.77
CORE-A,213.151.32.60,1626,xe-0/2/8.78
CORE-A,213.151.32.60,1627,xe-0/2/8.79
CORE-A,213.151.32.60,1628,xe-0/2/8.81
CORE-A,213.151.32.60,1629,xe-0/2/8.84
CORE-A,213.151.32.60,1630,xe-0/2/8.85
CORE-A,213.151.32.60,1631,xe-0/2/8.96
CORE-A,213.151.32.60,1632,xe-0/2/8.100
CORE-A,213.151.32.60,1633,xe-0/2/8.101
CORE-A,213.151.32.60,1634,xe-0/2/8.102
CORE-A,213.151.32.60,1635,xe-0/2/8.103
CORE-A,213.151.32.60,1636,xe-0/2/8.105
CORE-A,213.151.32.60,1637,xe-0/2/8.107
CORE-A,213.151.32.60,1638,xe-0/2/8.109
CORE-A,213.151.32.60,1639,xe-0/2/8.112
CORE-A,213.151.32.60,1640,xe-0/2/8.123
CORE-A,213.151.32.60,1641,xe-0/2/8.710
CORE-A,213.151.32.60,1642,xe-0/2/8.711
CORE-A,213.151.32.60,1643,xe-0/2/8.712
CORE-A,213.151.32.60,1644,xe-0/2/8.713
CORE-A,213.151.32.60,1645,xe-0/2/8.714
CORE-A,213.151.32.60,1646,xe-0/2/8.889
CORE-A,213.151.32.60,1647,xe-0/2/8.1007
CORE-A,213.151.32.60,1648,xe-0/2/8.1012
CORE-A,213.151.32.60,1650,xe-0/2/8.1020
CORE-A,213.151.32.60,1651,xe-0/2/8.1021
CORE-A,213.151.32.60,1652,xe-0/2/8.1025
CORE-A,213.151.32.60,1653,xe-0/2/8.1027
CORE-A,213.151.32.60,1654,xe-0/2/8.1028
CORE-A,213.151.32.60,1655,xe-0/2/8.1033
CORE-A,213.151.32.60,1657,xe-0/2/8.1037
CORE-A,213.151.32.60,1658,xe-0/2/8.1080
CORE-A,213.151.32.60,1659,xe-0/2/8.2007
CORE-A,213.151.32.60,1660,xe-0/2/8.2008
CORE-A,213.151.32.60,1661,xe-0/2/8.2010
CORE-A,213.151.32.60,1662,xe-0/2/8.2030
CORE-A,213.151.32.60,1663,xe-0/2/8.3010
CORE-A,213.151.32.60,1664,xe-0/2/8.3030
CORE-A,213.151.32.60,1667,ae0.1018
CORE-A,213.151.32.60,1668,xe-0/0/0.1018
CORE-A,213.151.32.60,1669,xe-0/0/1.1018
CORE-A,213.151.32.60,1670,xe-0/0/2.1018
CORE-A,213.151.32.60,1671,xe-0/0/3.1018
CORE-A,213.151.32.60,1672,xe-0/0/5.1018
CORE-A,213.151.32.60,1673,xe-0/0/6.1018
CORE-A,213.151.32.60,1674,xe-0/0/7.1018
CORE-A,213.151.32.60,1675,xe-0/0/8.1018
CORE-A,213.151.32.60,1676,xe-0/2/0.1018
CORE-A,213.151.32.60,1677,xe-0/2/1.1018
CORE-A,213.151.32.60,1678,xe-0/2/2.1018
CORE-A,213.151.32.60,1679,xe-0/2/3.1018
CORE-A,213.151.32.60,1680,xe-0/2/5.1018
CORE-A,213.151.32.60,1681,xe-0/2/6.1018
CORE-A,213.151.32.60,1682,xe-0/2/7.1018
CORE-A,213.151.32.60,1683,xe-0/2/8.1018
CORE-A,213.151.32.60,1684,ae0.1023
CORE-A,213.151.32.60,1685,xe-0/0/0.1023
CORE-A,213.151.32.60,1686,xe-0/0/1.1023
CORE-A,213.151.32.60,1687,xe-0/0/2.1023
CORE-A,213.151.32.60,1688,xe-0/0/3.1023
CORE-A,213.151.32.60,1689,xe-0/0/5.1023
CORE-A,213.151.32.60,1690,xe-0/0/6.1023
CORE-A,213.151.32.60,1691,xe-0/0/7.1023
CORE-A,213.151.32.60,1692,xe-0/0/8.1023
CORE-A,213.151.32.60,1693,xe-0/2/0.1023
CORE-A,213.151.32.60,1694,xe-0/2/1.1023
CORE-A,213.151.32.60,1695,xe-0/2/2.1023
CORE-A,213.151.32.60,1696,xe-0/2/3.1023
CORE-A,213.151.32.60,1697,xe-0/2/5.1023
CORE-A,213.151.32.60,1698,xe-0/2/6.1023
CORE-A,213.151.32.60,1699,xe-0/2/7.1023
CORE-A,213.151.32.60,1700,xe-0/2/8.1023
CORE-A,213.151.32.60,1701,ae0.117
CORE-A,213.151.32.60,1702,xe-0/0/0.117
CORE-A,213.151.32.60,1703,xe-0/0/1.117
CORE-A,213.151.32.60,1704,xe-0/0/2.117
CORE-A,213.151.32.60,1705,xe-0/0/3.117
CORE-A,213.151.32.60,1706,xe-0/0/5.117
CORE-A,213.151.32.60,1707,xe-0/0/6.117
CORE-A,213.151.32.60,1708,xe-0/0/7.117
CORE-A,213.151.32.60,1709,xe-0/0/8.117
CORE-A,213.151.32.60,1710,xe-0/2/0.117
CORE-A,213.151.32.60,1711,xe-0/2/1.117
CORE-A,213.151.32.60,1712,xe-0/2/2.117
CORE-A,213.151.32.60,1713,xe-0/2/3.117
CORE-A,213.151.32.60,1714,xe-0/2/5.117
CORE-A,213.151.32.60,1715,xe-0/2/6.117
CORE-A,213.151.32.60,1716,xe-0/2/7.117
CORE-A,213.151.32.60,1717,xe-0/2/8.117
CORE-A,213.151.32.60,1718,ae0.119
CORE-A,213.151.32.60,1719,xe-0/0/0.119
CORE-A,213.151.32.60,1720,xe-0/0/1.119
CORE-A,213.151.32.60,1721,xe-0/0/2.119
CORE-A,213.151.32.60,1722,xe-0/0/3.119
CORE-A,213.151.32.60,1723,xe-0/0/5.119
CORE-A,213.151.32.60,1724,xe-0/0/6.119
CORE-A,213.151.32.60,1725,xe-0/0/7.119
CORE-A,213.151.32.60,1726,xe-0/0/8.119
CORE-A,213.151.32.60,1727,xe-0/2/0.119
CORE-A,213.151.32.60,1728,xe-0/2/1.119
CORE-A,213.151.32.60,1729,xe-0/2/2.119
CORE-A,213.151.32.60,1730,xe-0/2/3.119
CORE-A,213.151.32.60,1731,xe-0/2/5.119
CORE-A,213.151.32.60,1732,xe-0/2/6.119
CORE-A,213.151.32.60,1733,xe-0/2/7.119
CORE-A,213.151.32.60,1734,xe-0/2/8.119
CORE-A,213.151.32.60,1735,ae0.124
CORE-A,213.151.32.60,1736,ae0.126
CORE-A,213.151.32.60,1737,xe-0/0/0.124
CORE-A,213.151.32.60,1738,xe-0/0/0.126
CORE-A,213.151.32.60,1739,xe-0/0/1.124
CORE-A,213.151.32.60,1740,xe-0/0/1.126
CORE-A,213.151.32.60,1741,xe-0/0/2.124
CORE-A,213.151.32.60,1742,xe-0/0/2.126
CORE-A,213.151.32.60,1743,xe-0/0/3.124
CORE-A,213.151.32.60,1744,xe-0/0/3.126
CORE-A,213.151.32.60,1745,xe-0/0/5.124
CORE-A,213.151.32.60,1746,xe-0/0/5.126
CORE-A,213.151.32.60,1747,xe-0/0/6.124
CORE-A,213.151.32.60,1748,xe-0/0/6.126
CORE-A,213.151.32.60,1749,xe-0/0/7.124
CORE-A,213.151.32.60,1750,xe-0/0/7.126
CORE-A,213.151.32.60,1751,xe-0/0/8.124
CORE-A,213.151.32.60,1752,xe-0/0/8.126
CORE-A,213.151.32.60,1753,xe-0/2/0.124
CORE-A,213.151.32.60,1754,xe-0/2/0.126
CORE-A,213.151.32.60,1755,xe-0/2/1.124
CORE-A,213.151.32.60,1756,xe-0/2/1.126
CORE-A,213.151.32.60,1757,xe-0/2/2.124
CORE-A,213.151.32.60,1758,xe-0/2/2.126
CORE-A,213.151.32.60,1759,xe-0/2/3.124
CORE-A,213.151.32.60,1760,xe-0/2/3.126
CORE-A,213.151.32.60,1761,xe-0/2/5.124
CORE-A,213.151.32.60,1762,xe-0/2/5.126
CORE-A,213.151.32.60,1763,xe-0/2/6.124
CORE-A,213.151.32.60,1764,xe-0/2/6.126
CORE-A,213.151.32.60,1765,xe-0/2/7.124
CORE-A,213.151.32.60,1766,xe-0/2/7.126
CORE-A,213.151.32.60,1767,xe-0/2/8.124
CORE-A,213.151.32.60,1768,xe-0/2/8.126
CORE-A,213.151.32.60,1769,xe-0/0/8.130
CORE-A,213.151.32.60,1770,xe-0/2/0.128
CORE-A,213.151.32.60,1771,xe-0/2/0.130
CORE-A,213.151.32.60,1772,xe-0/2/1.128
CORE-A,213.151.32.60,1773,xe-0/2/1.130
CORE-A,213.151.32.60,1774,xe-0/2/2.128
CORE-A,213.151.32.60,1775,xe-0/2/2.130
CORE-A,213.151.32.60,1776,xe-0/2/3.128
CORE-A,213.151.32.60,1777,xe-0/2/3.130
CORE-A,213.151.32.60,1778,xe-0/2/5.128
CORE-A,213.151.32.60,1779,xe-0/2/5.130
CORE-A,213.151.32.60,1780,xe-0/2/6.128
CORE-A,213.151.32.60,1781,xe-0/2/6.130
CORE-A,213.151.32.60,1782,xe-0/2/7.128
CORE-A,213.151.32.60,1783,xe-0/2/7.130
CORE-A,213.151.32.60,1784,xe-0/2/8.128
CORE-A,213.151.32.60,1785,xe-0/2/8.130
CORE-B,213.151.32.62,1,fxp0
CORE-B,213.151.32.62,13,fxp0.0
CORE-B,213.151.32.62,1030,esi
CORE-B,213.151.32.62,1031,jsrv
CORE-B,213.151.32.62,1032,jsrv.1
CORE-B,213.151.32.62,1033,vtep
CORE-B,213.151.32.62,1041,xe-0/0/0
CORE-B,213.151.32.62,1042,xe-0/0/1
CORE-B,213.151.32.62,1043,xe-0/0/2
CORE-B,213.151.32.62,1044,xe-0/0/3
CORE-B,213.151.32.62,1045,xe-0/0/4
CORE-B,213.151.32.62,1046,xe-0/0/5
CORE-B,213.151.32.62,1047,xe-0/0/6
CORE-B,213.151.32.62,1048,xe-0/0/7
CORE-B,213.151.32.62,1049,rbeb
CORE-B,213.151.32.62,1051,xe-0/2/1
CORE-B,213.151.32.62,1052,xe-0/2/2
CORE-B,213.151.32.62,1053,xe-0/2/3
CORE-B,213.151.32.62,1054,xe-0/2/4
CORE-B,213.151.32.62,1055,xe-0/2/0
CORE-B,213.151.32.62,1056,xe-0/2/5
CORE-B,213.151.32.62,1058,xe-0/2/6
CORE-B,213.151.32.62,1059,xe-0/2/7
CORE-B,213.151.32.62,1061,ae0
CORE-B,213.151.32.62,1062,ae1
CORE-B,213.151.32.62,1063,ae0.6
CORE-B,213.151.32.62,1064,ae0.8
CORE-B,213.151.32.62,1065,ae0.11
CORE-B,213.151.32.62,1066,ae0.15
CORE-B,213.151.32.62,1067,ae0.16
CORE-B,213.151.32.62,1068,ae0.18
CORE-B,213.151.32.62,1069,ae0.20
CORE-B,213.151.32.62,1070,ae0.27
CORE-B,213.151.32.62,1071,ae0.41
CORE-B,213.151.32.62,1072,ae0.42
CORE-B,213.151.32.62,1073,ae0.51
CORE-B,213.151.32.62,1074,ae0.53
CORE-B,213.151.32.62,1075,ae0.56
CORE-B,213.151.32.62,1076,ae0.58
CORE-B,213.151.32.62,1079,ae0.77
CORE-B,213.151.32.62,1080,ae0.78
CORE-B,213.151.32.62,1081,ae0.81
CORE-B,213.151.32.62,1082,ae0.84
CORE-B,213.151.32.62,1083,ae0.96
CORE-B,213.151.32.62,1084,ae0.100
CORE-B,213.151.32.62,1085,ae0.201
CORE-B,213.151.32.62,1086,ae0.202
CORE-B,213.151.32.62,1087,ae0.204
CORE-B,213.151.32.62,1088,ae0.720
CORE-B,213.151.32.62,1089,ae0.721
CORE-B,213.151.32.62,1090,ae0.722
CORE-B,213.151.32.62,1091,ae0.723
CORE-B,213.151.32.62,1092,ae0.724
CORE-B,213.151.32.62,1093,ae0.889
CORE-B,213.151.32.62,1094,ae0.1010
CORE-B,213.151.32.62,1095,ae0.1020
CORE-B,213.151.32.62,1096,ae0.1025
CORE-B,213.151.32.62,1097,ae0.1030
CORE-B,213.151.32.62,1099,xe-0/0/5.6
CORE-B,213.151.32.62,1101,ae1.101
CORE-B,213.151.32.62,1104,xe-0/0/5.8
CORE-B,213.151.32.62,1105,xe-0/0/5.11
CORE-B,213.151.32.62,1106,xe-0/0/0.1030
CORE-B,213.151.32.62,1107,xe-0/0/0.1025
CORE-B,213.151.32.62,1108,xe-0/0/0.1020
CORE-B,213.151.32.62,1109,xe-0/0/0.1010
CORE-B,213.151.32.62,1110,xe-0/0/0.889
CORE-B,213.151.32.62,1111,xe-0/0/0.724
CORE-B,213.151.32.62,1112,xe-0/0/0.723
CORE-B,213.151.32.62,1113,xe-0/0/0.722
CORE-B,213.151.32.62,1114,xe-0/0/0.721
CORE-B,213.151.32.62,1115,xe-0/0/0.720
CORE-B,213.151.32.62,1116,xe-0/0/0.204
CORE-B,213.151.32.62,1117,xe-0/0/0.202
CORE-B,213.151.32.62,1118,xe-0/0/0.201
CORE-B,213.151.32.62,1119,xe-0/0/0.100
CORE-B,213.151.32.62,1120,xe-0/0/0.96
CORE-B,213.151.32.62,1121,xe-0/0/0.84
CORE-B,213.151.32.62,1122,xe-0/0/0.81
CORE-B,213.151.32.62,1123,xe-0/0/0.78
CORE-B,213.151.32.62,1124,xe-0/0/0.77
CORE-B,213.151.32.62,1127,xe-0/0/0.58
CORE-B,213.151.32.62,1128,xe-0/0/0.56
CORE-B,213.151.32.62,1129,xe-0/0/0.53
CORE-B,213.151.32.62,1130,xe-0/0/0.51
CORE-B,213.151.32.62,1131,xe-0/0/0.42
CORE-B,213.151.32.62,1132,xe-0/0/0.41
CORE-B,213.151.32.62,1133,xe-0/0/0.27
CORE-B,213.151.32.62,1134,xe-0/0/0.20
CORE-B,213.151.32.62,1135,xe-0/0/0.18
CORE-B,213.151.32.62,1136,xe-0/0/0.16
CORE-B,213.151.32.62,1137,xe-0/0/0.15
CORE-B,213.151.32.62,1138,xe-0/0/0.11
CORE-B,213.151.32.62,1139,xe-0/0/0.8
CORE-B,213.151.32.62,1140,xe-0/0/0.6
CORE-B,213.151.32.62,1142,xe-0/0/5.15
CORE-B,213.151.32.62,1143,xe-0/0/5.16
CORE-B,213.151.32.62,1144,xe-0/0/1.1030
CORE-B,213.151.32.62,1145,xe-0/0/1.1025
CORE-B,213.151.32.62,1146,xe-0/0/1.1020
CORE-B,213.151.32.62,1147,xe-0/0/1.1010
CORE-B,213.151.32.62,1148,xe-0/0/1.889
CORE-B,213.151.32.62,1149,xe-0/0/1.724
CORE-B,213.151.32.62,1150,xe-0/0/1.723
CORE-B,213.151.32.62,1151,xe-0/0/1.722
CORE-B,213.151.32.62,1152,xe-0/0/1.721
CORE-B,213.151.32.62,1153,xe-0/0/1.720
CORE-B,213.151.32.62,1154,xe-0/0/1.204
CORE-B,213.151.32.62,1155,xe-0/0/1.202
CORE-B,213.151.32.62,1156,xe-0/0/1.201
CORE-B,213.151.32.62,1157,xe-0/0/1.100
CORE-B,213.151.32.62,1158,xe-0/0/1.96
CORE-B,213.151.32.62,1159,xe-0/0/1.84
CORE-B,213.151.32.62,1160,xe-0/0/1.81
CORE-B,213.151.32.62,1161,xe-0/0/1.78
CORE-B,213.151.32.62,1162,xe-0/0/1.77
CORE-B,213.151.32.62,1165,xe-0/0/1.58
CORE-B,213.151.32.62,1166,xe-0/0/1.56
CORE-B,213.151.32.62,1167,xe-0/0/1.53
CORE-B,213.151.32.62,1168,xe-0/0/1.51
CORE-B,213.151.32.62,1169,xe-0/0/1.42
CORE-B,213.151.32.62,1170,xe-0/0/1.41
CORE-B,213.151.32.62,1171,xe-0/0/1.27
CORE-B,213.151.32.62,1172,xe-0/0/1.20
CORE-B,213.151.32.62,1173,xe-0/0/1.18
CORE-B,213.151.32.62,1174,xe-0/0/1.16
CORE-B,213.151.32.62,1175,xe-0/0/1.15
CORE-B,213.151.32.62,1176,xe-0/0/1.11
CORE-B,213.151.32.62,1177,xe-0/0/1.8
CORE-B,213.151.32.62,1178,xe-0/0/1.6
CORE-B,213.151.32.62,1180,xe-0/0/5.18
CORE-B,213.151.32.62,1181,xe-0/0/5.20
CORE-B,213.151.32.62,1182,xe-0/0/2.1030
CORE-B,213.151.32.62,1183,xe-0/0/2.1025
CORE-B,213.151.32.62,1184,xe-0/0/2.1020
CORE-B,213.151.32.62,1185,xe-0/0/2.1010
CORE-B,213.151.32.62,1186,xe-0/0/2.889
CORE-B,213.151.32.62,1187,xe-0/0/2.724
CORE-B,213.151.32.62,1188,xe-0/0/2.723
CORE-B,213.151.32.62,1189,xe-0/0/2.722
CORE-B,213.151.32.62,1190,xe-0/0/2.721
CORE-B,213.151.32.62,1191,xe-0/0/2.720
CORE-B,213.151.32.62,1192,xe-0/0/2.204
CORE-B,213.151.32.62,1193,xe-0/0/2.202
CORE-B,213.151.32.62,1194,xe-0/0/2.201
CORE-B,213.151.32.62,1195,xe-0/0/2.100
CORE-B,213.151.32.62,1196,xe-0/0/2.96
CORE-B,213.151.32.62,1197,xe-0/0/2.84
CORE-B,213.151.32.62,1198,xe-0/0/2.81
CORE-B,213.151.32.62,1199,xe-0/0/2.78
CORE-B,213.151.32.62,1200,xe-0/0/2.77
CORE-B,213.151.32.62,1203,xe-0/0/2.58
CORE-B,213.151.32.62,1204,xe-0/0/2.56
CORE-B,213.151.32.62,1205,xe-0/0/2.53
CORE-B,213.151.32.62,1206,xe-0/0/2.51
CORE-B,213.151.32.62,1207,xe-0/0/2.42
CORE-B,213.151.32.62,1208,xe-0/0/2.41
CORE-B,213.151.32.62,1209,xe-0/0/2.27
CORE-B,213.151.32.62,1210,xe-0/0/2.20
CORE-B,213.151.32.62,1211,xe-0/0/2.18
CORE-B,213.151.32.62,1212,xe-0/0/2.16
CORE-B,213.151.32.62,1213,xe-0/0/2.15
CORE-B,213.151.32.62,1214,xe-0/0/2.11
CORE-B,213.151.32.62,1215,xe-0/0/2.8
CORE-B,213.151.32.62,1216,xe-0/0/2.6
CORE-B,213.151.32.62,1218,xe-0/0/5.27
CORE-B,213.151.32.62,1219,xe-0/0/5.41
CORE-B,213.151.32.62,1220,xe-0/0/3.1030
CORE-B,213.151.32.62,1221,xe-0/0/3.1025
CORE-B,213.151.32.62,1222,xe-0/0/3.1020
CORE-B,213.151.32.62,1223,xe-0/0/3.1010
CORE-B,213.151.32.62,1224,xe-0/0/3.889
CORE-B,213.151.32.62,1225,xe-0/0/3.724
CORE-B,213.151.32.62,1226,xe-0/0/3.723
CORE-B,213.151.32.62,1227,xe-0/0/3.722
CORE-B,213.151.32.62,1228,xe-0/0/3.721
CORE-B,213.151.32.62,1229,xe-0/0/3.720
CORE-B,213.151.32.62,1230,xe-0/0/3.204
CORE-B,213.151.32.62,1231,xe-0/0/3.202
CORE-B,213.151.32.62,1232,xe-0/0/3.201
CORE-B,213.151.32.62,1233,xe-0/0/3.100
CORE-B,213.151.32.62,1234,xe-0/0/3.96
CORE-B,213.151.32.62,1235,xe-0/0/3.84
CORE-B,213.151.32.62,1236,xe-0/0/3.81
CORE-B,213.151.32.62,1237,xe-0/0/3.78
CORE-B,213.151.32.62,1238,xe-0/0/3.77
CORE-B,213.151.32.62,1241,xe-0/0/3.58
CORE-B,213.151.32.62,1242,xe-0/0/3.56
CORE-B,213.151.32.62,1243,xe-0/0/3.53
CORE-B,213.151.32.62,1244,xe-0/0/3.51
CORE-B,213.151.32.62,1245,xe-0/0/3.42
CORE-B,213.151.32.62,1246,xe-0/0/3.41
CORE-B,213.151.32.62,1247,xe-0/0/3.27
CORE-B,213.151.32.62,1248,xe-0/0/3.20
CORE-B,213.151.32.62,1249,xe-0/0/3.18
CORE-B,213.151.32.62,1250,xe-0/0/3.16
CORE-B,213.151.32.62,1251,xe-0/0/3.15
CORE-B,213.151.32.62,1252,xe-0/0/3.11
CORE-B,213.151.32.62,1253,xe-0/0/3.8
CORE-B,213.151.32.62,1254,xe-0/0/3.6
CORE-B,213.151.32.62,1256,xe-0/0/4.101
CORE-B,213.151.32.62,1257,ae0.2007
CORE-B,213.151.32.62,1258,xe-0/0/0.2007
CORE-B,213.151.32.62,1259,xe-0/0/5.42
CORE-B,213.151.32.62,1260,xe-0/0/5.48
CORE-B,213.151.32.62,1261,xe-0/0/5.49
CORE-B,213.151.32.62,1262,xe-0/0/5.51
CORE-B,213.151.32.62,1263,xe-0/0/5.53
CORE-B,213.151.32.62,1264,xe-0/0/5.56
CORE-B,213.151.32.62,1265,xe-0/0/5.58
CORE-B,213.151.32.62,1268,xe-0/0/5.77
CORE-B,213.151.32.62,1269,xe-0/0/5.78
CORE-B,213.151.32.62,1270,xe-0/0/5.81
CORE-B,213.151.32.62,1271,xe-0/0/5.84
CORE-B,213.151.32.62,1272,xe-0/0/5.96
CORE-B,213.151.32.62,1273,xe-0/0/5.100
CORE-B,213.151.32.62,1274,xe-0/0/5.104
CORE-B,213.151.32.62,1276,xe-0/0/5.106
CORE-B,213.151.32.62,1277,xe-0/0/5.108
CORE-B,213.151.32.62,1278,xe-0/2/0.1030
CORE-B,213.151.32.62,1279,xe-0/2/0.1025
CORE-B,213.151.32.62,1280,xe-0/2/0.1020
CORE-B,213.151.32.62,1281,xe-0/2/0.1010
CORE-B,213.151.32.62,1282,xe-0/2/0.889
CORE-B,213.151.32.62,1283,xe-0/2/0.724
CORE-B,213.151.32.62,1284,xe-0/2/0.723
CORE-B,213.151.32.62,1285,xe-0/2/0.722
CORE-B,213.151.32.62,1286,xe-0/2/0.721
CORE-B,213.151.32.62,1287,xe-0/2/0.720
CORE-B,213.151.32.62,1288,xe-0/2/0.204
CORE-B,213.151.32.62,1289,xe-0/2/0.202
CORE-B,213.151.32.62,1290,xe-0/2/0.201
CORE-B,213.151.32.62,1291,xe-0/2/0.100
CORE-B,213.151.32.62,1292,xe-0/2/0.96
CORE-B,213.151.32.62,1293,xe-0/2/0.84
CORE-B,213.151.32.62,1294,xe-0/2/0.81
CORE-B,213.151.32.62,1295,xe-0/2/0.78
CORE-B,213.151.32.62,1296,xe-0/2/0.77
CORE-B,213.151.32.62,1299,xe-0/2/0.58
CORE-B,213.151.32.62,1300,xe-0/2/0.56
CORE-B,213.151.32.62,1301,xe-0/2/0.53
CORE-B,213.151.32.62,1302,xe-0/2/0.51
CORE-B,213.151.32.62,1303,xe-0/2/0.42
CORE-B,213.151.32.62,1304,xe-0/2/0.41
CORE-B,213.151.32.62,1305,xe-0/2/0.27
CORE-B,213.151.32.62,1306,xe-0/2/0.20
CORE-B,213.151.32.62,1307,xe-0/2/0.18
CORE-B,213.151.32.62,1308,xe-0/2/0.16
CORE-B,213.151.32.62,1309,xe-0/2/0.15
CORE-B,213.151.32.62,1310,xe-0/2/0.11
CORE-B,213.151.32.62,1311,xe-0/2/0.8
CORE-B,213.151.32.62,1312,xe-0/2/0.6
CORE-B,213.151.32.62,1314,xe-0/0/5.110
CORE-B,213.151.32.62,1315,xe-0/0/5.201
CORE-B,213.151.32.62,1316,xe-0/2/1.1030
CORE-B,213.151.32.62,1317,xe-0/2/1.1025
CORE-B,213.151.32.62,1318,xe-0/2/1.1020
CORE-B,213.151.32.62,1319,xe-0/2/1.1010
CORE-B,213.151.32.62,1320,xe-0/2/1.889
CORE-B,213.151.32.62,1321,xe-0/2/1.724
CORE-B,213.151.32.62,1322,xe-0/2/1.723
CORE-B,213.151.32.62,1323,xe-0/2/1.722
CORE-B,213.151.32.62,1324,xe-0/2/1.721
CORE-B,213.151.32.62,1325,xe-0/2/1.720
CORE-B,213.151.32.62,1326,xe-0/2/1.204
CORE-B,213.151.32.62,1327,xe-0/2/1.202
CORE-B,213.151.32.62,1328,xe-0/2/1.201
CORE-B,213.151.32.62,1329,xe-0/2/1.100
CORE-B,213.151.32.62,1330,xe-0/2/1.96
CORE-B,213.151.32.62,1331,xe-0/2/1.84
CORE-B,213.151.32.62,1332,xe-0/2/1.81
CORE-B,213.151.32.62,1333,xe-0/2/1.78
CORE-B,213.151.32.62,1334,xe-0/2/1.77
CORE-B,213.151.32.62,1337,xe-0/2/1.58
CORE-B,213.151.32.62,1338,xe-0/2/1.56
CORE-B,213.151.32.62,1339,xe-0/2/1.53
CORE-B,213.151.32.62,1340,xe-0/2/1.51
CORE-B,213.151.32.62,1341,xe-0/2/1.42
CORE-B,213.151.32.62,1342,xe-0/2/1.41
CORE-B,213.151.32.62,1343,xe-0/2/1.27
CORE-B,213.151.32.62,1344,xe-0/2/1.20
CORE-B,213.151.32.62,1345,xe-0/2/1.18
CORE-B,213.151.32.62,1346,xe-0/2/1.16
CORE-B,213.151.32.62,1347,xe-0/2/1.15
CORE-B,213.151.32.62,1348,xe-0/2/1.11
CORE-B,213.151.32.62,1349,xe-0/2/1.8
CORE-B,213.151.32.62,1350,xe-0/2/1.6
CORE-B,213.151.32.62,1352,xe-0/0/5.202
CORE-B,213.151.32.62,1353,xe-0/0/5.204
CORE-B,213.151.32.62,1354,xe-0/2/2.1030
CORE-B,213.151.32.62,1355,xe-0/2/2.1025
CORE-B,213.151.32.62,1356,xe-0/2/2.1020
CORE-B,213.151.32.62,1357,xe-0/2/2.1010
CORE-B,213.151.32.62,1358,xe-0/2/2.889
CORE-B,213.151.32.62,1359,xe-0/2/2.724
CORE-B,213.151.32.62,1360,xe-0/2/2.723
CORE-B,213.151.32.62,1361,xe-0/2/2.722
CORE-B,213.151.32.62,1362,xe-0/2/2.721
CORE-B,213.151.32.62,1363,xe-0/2/2.720
CORE-B,213.151.32.62,1364,xe-0/2/2.204
CORE-B,213.151.32.62,1365,xe-0/2/2.202
CORE-B,213.151.32.62,1366,xe-0/2/2.201
CORE-B,213.151.32.62,1367,xe-0/2/2.100
CORE-B,213.151.32.62,1368,xe-0/2/2.96
CORE-B,213.151.32.62,1369,xe-0/2/2.84
CORE-B,213.151.32.62,1370,xe-0/2/2.81
CORE-B,213.151.32.62,1371,xe-0/2/2.78
CORE-B,213.151.32.62,1372,xe-0/2/2.77
CORE-B,213.151.32.62,1375,xe-0/2/2.58
CORE-B,213.151.32.62,1376,xe-0/2/2.56
CORE-B,213.151.32.62,1377,xe-0/2/2.53
CORE-B,213.151.32.62,1378,xe-0/2/2.51
CORE-B,213.151.32.62,1379,xe-0/2/2.42
CORE-B,213.151.32.62,1380,xe-0/2/2.41
CORE-B,213.151.32.62,1381,xe-0/2/2.27
CORE-B,213.151.32.62,1382,xe-0/2/2.20
CORE-B,213.151.32.62,1383,xe-0/2/2.18
CORE-B,213.151.32.62,1384,xe-0/2/2.16
CORE-B,213.151.32.62,1385,xe-0/2/2.15
CORE-B,213.151.32.62,1386,xe-0/2/2.11
CORE-B,213.151.32.62,1387,xe-0/2/2.8
CORE-B,213.151.32.62,1388,xe-0/2/2.6
CORE-B,213.151.32.62,1390,xe-0/0/5.720
CORE-B,213.151.32.62,1391,xe-0/0/5.721
CORE-B,213.151.32.62,1392,xe-0/2/3.1030
CORE-B,213.151.32.62,1393,xe-0/2/3.1025
CORE-B,213.151.32.62,1394,xe-0/2/3.1020
CORE-B,213.151.32.62,1395,xe-0/2/3.1010
CORE-B,213.151.32.62,1396,xe-0/2/3.889
CORE-B,213.151.32.62,1397,xe-0/2/3.724
CORE-B,213.151.32.62,1398,xe-0/2/3.723
CORE-B,213.151.32.62,1399,xe-0/2/3.722
CORE-B,213.151.32.62,1400,xe-0/2/3.721
CORE-B,213.151.32.62,1401,xe-0/2/3.720
CORE-B,213.151.32.62,1402,xe-0/2/3.204
CORE-B,213.151.32.62,1403,xe-0/2/3.202
CORE-B,213.151.32.62,1404,xe-0/2/3.201
CORE-B,213.151.32.62,1405,xe-0/2/3.100
CORE-B,213.151.32.62,1406,xe-0/2/3.96
CORE-B,213.151.32.62,1407,xe-0/2/3.84
CORE-B,213.151.32.62,1408,xe-0/2/3.81
CORE-B,213.151.32.62,1409,xe-0/2/3.78
CORE-B,213.151.32.62,1410,xe-0/2/3.77
CORE-B,213.151.32.62,1413,xe-0/2/3.58
CORE-B,213.151.32.62,1414,xe-0/2/3.56
CORE-B,213.151.32.62,1415,xe-0/2/3.53
CORE-B,213.151.32.62,1416,xe-0/2/3.51
CORE-B,213.151.32.62,1417,xe-0/2/3.42
CORE-B,213.151.32.62,1418,xe-0/2/3.41
CORE-B,213.151.32.62,1419,xe-0/2/3.27
CORE-B,213.151.32.62,1420,xe-0/2/3.20
CORE-B,213.151.32.62,1421,xe-0/2/3.18
CORE-B,213.151.32.62,1422,xe-0/2/3.16
CORE-B,213.151.32.62,1423,xe-0/2/3.15
CORE-B,213.151.32.62,1424,xe-0/2/3.11
CORE-B,213.151.32.62,1425,xe-0/2/3.8
CORE-B,213.151.32.62,1426,xe-0/2/3.6
CORE-B,213.151.32.62,1428,xe-0/2/4.101
CORE-B,213.151.32.62,1429,xe-0/0/5.722
CORE-B,213.151.32.62,1430,xe-0/0/1.2007
CORE-B,213.151.32.62,1431,xe-0/0/2.2007
CORE-B,213.151.32.62,1432,xe-0/0/3.2007
CORE-B,213.151.32.62,1433,xe-0/2/0.2007
CORE-B,213.151.32.62,1434,xe-0/2/1.2007
CORE-B,213.151.32.62,1435,xe-0/2/2.2007
CORE-B,213.151.32.62,1436,xe-0/2/3.2007
CORE-B,213.151.32.62,1438,pd-0/0/0
CORE-B,213.151.32.62,1439,pe-0/0/0
CORE-B,213.151.32.62,1440,gr-0/0/0
CORE-B,213.151.32.62,1441,ip-0/0/0
CORE-B,213.151.32.62,1442,vt-0/0/0
CORE-B,213.151.32.62,1443,mt-0/0/0
CORE-B,213.151.32.62,1444,lt-0/0/0
CORE-B,213.151.32.62,1445,ut-0/0/0
CORE-B,213.151.32.62,1446,ud-0/0/0
CORE-B,213.151.32.62,1447,gr-0/0/0.0
CORE-B,213.151.32.62,1448,gr-0/0/0.1
CORE-B,213.151.32.62,1449,lt-0/0/0.1
CORE-B,213.151.32.62,1450,lt-0/0/0.2
CORE-B,213.151.32.62,1451,xe-0/0/5.723
CORE-B,213.151.32.62,1452,xe-0/0/5.724
CORE-B,213.151.32.62,1453,xe-0/0/5.889
CORE-B,213.151.32.62,1454,xe-0/0/5.1007
CORE-B,213.151.32.62,1455,xe-0/0/5.1010
CORE-B,213.151.32.62,1456,xe-0/0/5.1020
CORE-B,213.151.32.62,1457,xe-0/0/5.1025
CORE-B,213.151.32.62,1458,xe-0/0/5.1028
CORE-B,213.151.32.62,1459,xe-0/0/5.1030
CORE-B,213.151.32.62,1460,xe-0/0/5.1037
CORE-B,213.151.32.62,1461,xe-0/0/5.2007
CORE-B,213.151.32.62,1463,xe-0/2/5.6
CORE-B,213.151.32.62,1464,xe-0/2/5.8
CORE-B,213.151.32.62,1465,xe-0/2/5.11
CORE-B,213.151.32.62,1466,xe-0/2/5.15
CORE-B,213.151.32.62,1467,xe-0/2/5.16
CORE-B,213.151.32.62,1468,xe-0/2/5.18
CORE-B,213.151.32.62,1469,xe-0/2/5.20
CORE-B,213.151.32.62,1470,xe-0/2/5.27
CORE-B,213.151.32.62,1471,xe-0/2/5.41
CORE-B,213.151.32.62,1472,xe-0/2/5.42
CORE-B,213.151.32.62,1473,xe-0/2/5.48
CORE-B,213.151.32.62,1474,xe-0/2/5.49
CORE-B,213.151.32.62,1475,xe-0/2/5.51
CORE-B,213.151.32.62,1476,xe-0/2/5.53
CORE-B,213.151.32.62,1477,xe-0/2/5.56
CORE-B,213.151.32.62,1478,xe-0/2/5.58
CORE-B,213.151.32.62,1481,xe-0/2/5.77
CORE-B,213.151.32.62,1482,xe-0/2/5.78
CORE-B,213.151.32.62,1483,xe-0/2/5.81
CORE-B,213.151.32.62,1484,xe-0/2/5.84
CORE-B,213.151.32.62,1485,xe-0/2/5.96
CORE-B,213.151.32.62,1486,xe-0/2/5.100
CORE-B,213.151.32.62,1487,xe-0/2/5.104
CORE-B,213.151.32.62,1488,xe-0/2/5.106
CORE-B,213.151.32.62,1489,xe-0/2/5.108
CORE-B,213.151.32.62,1490,xe-0/2/5.110
CORE-B,213.151.32.62,1491,xe-0/2/5.201
CORE-B,213.151.32.62,1492,xe-0/2/5.202
CORE-B,213.151.32.62,1493,xe-0/2/5.204
CORE-B,213.151.32.62,1494,xe-0/2/5.720
CORE-B,213.151.32.62,1495,xe-0/2/5.721
CORE-B,213.151.32.62,1496,xe-0/2/5.722
CORE-B,213.151.32.62,1497,xe-0/2/5.723
CORE-B,213.151.32.62,1498,xe-0/2/5.724
CORE-B,213.151.32.62,1499,xe-0/2/5.889
CORE-B,213.151.32.62,1500,xe-0/2/5.1007
CORE-B,213.151.32.62,1501,xe-0/2/5.1010
CORE-B,213.151.32.62,1502,xe-0/2/5.1020
CORE-B,213.151.32.62,1503,xe-0/2/5.1025
CORE-B,213.151.32.62,1504,xe-0/2/5.1028
CORE-B,213.151.32.62,1505,xe-0/2/5.1030
CORE-B,213.151.32.62,1506,xe-0/2/5.1037
CORE-B,213.151.32.62,1507,xe-0/2/5.2007
CORE-B,213.151.32.62,1509,ae0.1080
CORE-B,213.151.32.62,1510,xe-0/0/0.1080
CORE-B,213.151.32.62,1511,xe-0/0/1.1080
CORE-B,213.151.32.62,1512,xe-0/0/2.1080
CORE-B,213.151.32.62,1513,xe-0/0/3.1080
CORE-B,213.151.32.62,1514,xe-0/0/5.1080
CORE-B,213.151.32.62,1515,xe-0/2/0.1080
CORE-B,213.151.32.62,1516,xe-0/2/1.1080
CORE-B,213.151.32.62,1517,xe-0/2/2.1080
CORE-B,213.151.32.62,1518,xe-0/2/3.1080
CORE-B,213.151.32.62,1519,xe-0/2/5.1080
CORE-B,213.151.32.62,1531,ae0.61
CORE-B,213.151.32.62,1532,ae0.62
CORE-B,213.151.32.62,1533,xe-0/0/0.61
CORE-B,213.151.32.62,1534,xe-0/0/0.62
CORE-B,213.151.32.62,1535,xe-0/0/1.61
CORE-B,213.151.32.62,1536,xe-0/0/1.62
CORE-B,213.151.32.62,1537,xe-0/0/2.61
CORE-B,213.151.32.62,1538,xe-0/0/2.62
CORE-B,213.151.32.62,1539,xe-0/0/3.61
CORE-B,213.151.32.62,1540,xe-0/0/3.62
CORE-B,213.151.32.62,1541,xe-0/0/5.61
CORE-B,213.151.32.62,1542,xe-0/0/5.62
CORE-B,213.151.32.62,1543,xe-0/2/0.61
CORE-B,213.151.32.62,1544,xe-0/2/0.62
CORE-B,213.151.32.62,1545,xe-0/2/1.61
CORE-B,213.151.32.62,1546,xe-0/2/1.62
CORE-B,213.151.32.62,1547,xe-0/2/2.61
CORE-B,213.151.32.62,1548,xe-0/2/2.62
CORE-B,213.151.32.62,1549,xe-0/2/3.61
CORE-B,213.151.32.62,1550,xe-0/2/3.62
CORE-B,213.151.32.62,1551,xe-0/2/5.61
CORE-B,213.151.32.62,1552,xe-0/2/5.62
CORE-B,213.151.32.62,1553,ae0.64
CORE-B,213.151.32.62,1554,ae0.66
CORE-B,213.151.32.62,1555,xe-0/0/0.64
CORE-B,213.151.32.62,1556,xe-0/0/0.66
CORE-B,213.151.32.62,1557,xe-0/0/1.64
CORE-B,213.151.32.62,1558,xe-0/0/1.66
CORE-B,213.151.32.62,1559,xe-0/0/2.64
CORE-B,213.151.32.62,1560,xe-0/0/2.66
CORE-B,213.151.32.62,1561,xe-0/0/3.64
CORE-B,213.151.32.62,1562,xe-0/0/3.66
CORE-B,213.151.32.62,1563,xe-0/0/5.64
CORE-B,213.151.32.62,1564,xe-0/0/5.66
CORE-B,213.151.32.62,1565,xe-0/2/0.64
CORE-B,213.151.32.62,1570,xe-0/1/2
CORE-B,213.151.32.62,1571,xe-0/1/3
CORE-B,213.151.32.62,1572,xe-0/1/4
CORE-B,213.151.32.62,1573,xe-0/1/5
CORE-B,213.151.32.62,1574,xe-0/1/6
CORE-B,213.151.32.62,1575,xe-0/1/7
CORE-B,213.151.32.62,1576,xe-0/1/0
CORE-B,213.151.32.62,1577,xe-0/1/1
CORE-B,213.151.32.62,1578,xe-0/3/0
CORE-B,213.151.32.62,1579,xe-0/3/1
CORE-B,213.151.32.62,1580,xe-0/3/2
CORE-B,213.151.32.62,1581,xe-0/3/3
CORE-B,213.151.32.62,1582,xe-0/3/4
CORE-B,213.151.32.62,1583,xe-0/3/5
CORE-B,213.151.32.62,1584,xe-0/3/6
CORE-B,213.151.32.62,1585,xe-0/3/7
CORE-B,213.151.32.62,1586,ae0.106
CORE-B,213.151.32.62,1587,ae0.104
CORE-B,213.151.32.62,1588,xe-0/0/0.106
CORE-B,213.151.32.62,1589,xe-0/0/0.104
CORE-B,213.151.32.62,1590,xe-0/0/1.106
CORE-B,213.151.32.62,1591,xe-0/0/1.104
CORE-B,213.151.32.62,1592,xe-0/0/2.106
CORE-B,213.151.32.62,1593,xe-0/0/2.104
CORE-B,213.151.32.62,1594,xe-0/0/3.106
CORE-B,213.151.32.62,1595,xe-0/0/3.104
CORE-B,213.151.32.62,1596,xe-0/2/0.106
CORE-B,213.151.32.62,1597,xe-0/2/0.104
CORE-B,213.151.32.62,1598,xe-0/2/1.106
CORE-B,213.151.32.62,1599,xe-0/2/1.104
CORE-B,213.151.32.62,1600,xe-0/2/2.106
CORE-B,213.151.32.62,1601,xe-0/2/2.104
CORE-B,213.151.32.62,1602,xe-0/2/3.106
CORE-B,213.151.32.62,1603,xe-0/2/3.104
CORE-B,213.151.32.62,1604,xe-0/2/0.66
CORE-B,213.151.32.62,1605,xe-0/2/1.64
CORE-B,213.151.32.62,1606,xe-0/2/1.66
CORE-B,213.151.32.62,1607,xe-0/2/2.64
CORE-B,213.151.32.62,1608,xe-0/2/2.66
CORE-B,213.151.32.62,1609,xe-0/2/3.64
CORE-B,213.151.32.62,1610,xe-0/2/3.66
CORE-B,213.151.32.62,1611,xe-0/2/5.64
CORE-B,213.151.32.62,1612,xe-0/2/5.66
CORE-B,213.151.32.62,1622,ae0.110
CORE-B,213.151.32.62,1623,ae0.108
CORE-B,213.151.32.62,1624,xe-0/0/0.110
CORE-B,213.151.32.62,1625,xe-0/0/0.108
CORE-B,213.151.32.62,1626,xe-0/0/1.110
CORE-B,213.151.32.62,1627,xe-0/0/1.108
CORE-B,213.151.32.62,1628,xe-0/0/2.110
CORE-B,213.151.32.62,1629,xe-0/0/2.108
CORE-B,213.151.32.62,1630,xe-0/0/3.110
CORE-B,213.151.32.62,1631,xe-0/0/3.108
CORE-B,213.151.32.62,1632,xe-0/2/0.110
CORE-B,213.151.32.62,1633,xe-0/2/0.108
CORE-B,213.151.32.62,1634,xe-0/2/1.110
CORE-B,213.151.32.62,1635,xe-0/2/1.108
CORE-B,213.151.32.62,1636,xe-0/2/2.110
CORE-B,213.151.32.62,1637,xe-0/2/2.108
CORE-B,213.151.32.62,1638,xe-0/2/3.110
CORE-B,213.151.32.62,1639,xe-0/2/3.108
CORE-B,213.151.32.62,1640,ae0.49
CORE-B,213.151.32.62,1641,xe-0/0/0.49
CORE-B,213.151.32.62,1642,xe-0/0/1.49
CORE-B,213.151.32.62,1643,xe-0/0/2.49
CORE-B,213.151.32.62,1644,xe-0/0/3.49
CORE-B,213.151.32.62,1645,xe-0/2/0.49
CORE-B,213.151.32.62,1646,xe-0/2/1.49
CORE-B,213.151.32.62,1647,xe-0/2/2.49
CORE-B,213.151.32.62,1648,xe-0/2/3.49
CORE-B,213.151.32.62,1649,ae0.48
CORE-B,213.151.32.62,1650,xe-0/0/0.48
CORE-B,213.151.32.62,1651,xe-0/0/1.48
CORE-B,213.151.32.62,1652,xe-0/0/2.48
CORE-B,213.151.32.62,1653,xe-0/0/3.48
CORE-B,213.151.32.62,1654,xe-0/2/0.48
CORE-B,213.151.32.62,1655,xe-0/2/1.48
CORE-B,213.151.32.62,1656,xe-0/2/2.48
CORE-B,213.151.32.62,1657,xe-0/2/3.48
CORE-B,213.151.32.62,1658,ae0.1037
CORE-B,213.151.32.62,1659,xe-0/0/0.1037
CORE-B,213.151.32.62,1660,xe-0/0/1.1037
CORE-B,213.151.32.62,1661,xe-0/0/2.1037
CORE-B,213.151.32.62,1662,xe-0/0/3.1037
CORE-B,213.151.32.62,1663,xe-0/2/0.1037
CORE-B,213.151.32.62,1664,xe-0/2/1.1037
CORE-B,213.151.32.62,1665,xe-0/2/2.1037
CORE-B,213.151.32.62,1666,xe-0/2/3.1037
CORE-B,213.151.32.62,1667,ae0.1007
CORE-B,213.151.32.62,1668,xe-0/0/0.1007
CORE-B,213.151.32.62,1669,xe-0/0/1.1007
CORE-B,213.151.32.62,1670,xe-0/0/2.1007
CORE-B,213.151.32.62,1671,xe-0/0/3.1007
CORE-B,213.151.32.62,1672,xe-0/2/0.1007
CORE-B,213.151.32.62,1673,xe-0/2/1.1007
CORE-B,213.151.32.62,1674,xe-0/2/2.1007
CORE-B,213.151.32.62,1675,xe-0/2/3.1007
CORE-B,213.151.32.62,1676,ae0.1028
CORE-B,213.151.32.62,1677,xe-0/0/0.1028
CORE-B,213.151.32.62,1678,xe-0/0/1.1028
CORE-B,213.151.32.62,1679,xe-0/0/2.1028
CORE-B,213.151.32.62,1680,xe-0/0/3.1028
CORE-B,213.151.32.62,1681,xe-0/2/0.1028
CORE-B,213.151.32.62,1682,xe-0/2/1.1028
CORE-B,213.151.32.62,1683,xe-0/2/2.1028
CORE-B,213.151.32.62,1684,xe-0/2/3.1028
CORE-B,213.151.32.62,1698,ae0.67
CORE-B,213.151.32.62,1700,xe-0/0/0.67
CORE-B,213.151.32.62,1702,xe-0/0/1.67
CORE-B,213.151.32.62,1704,xe-0/0/2.67
CORE-B,213.151.32.62,1706,xe-0/0/3.67
CORE-B,213.151.32.62,1708,xe-0/0/5.67
CORE-B,213.151.32.62,1710,xe-0/2/0.67
CORE-B,213.151.32.62,1712,xe-0/2/1.67
CORE-B,213.151.32.62,1714,xe-0/2/2.67
CORE-B,213.151.32.62,1716,xe-0/2/3.67
CORE-B,213.151.32.62,1718,xe-0/2/5.67
CORE-B,213.151.32.62,1720,ae0.85
CORE-B,213.151.32.62,1721,xe-0/0/0.85
CORE-B,213.151.32.62,1722,xe-0/0/1.85
CORE-B,213.151.32.62,1723,xe-0/0/2.85
CORE-B,213.151.32.62,1724,xe-0/0/3.85
CORE-B,213.151.32.62,1725,xe-0/0/5.85
CORE-B,213.151.32.62,1726,xe-0/2/0.85
CORE-B,213.151.32.62,1727,xe-0/2/1.85
CORE-B,213.151.32.62,1728,xe-0/2/2.85
CORE-B,213.151.32.62,1729,xe-0/2/3.85
CORE-B,213.151.32.62,1730,xe-0/2/5.85
CORE-B,213.151.32.62,1731,ae0.2008
CORE-B,213.151.32.62,1732,xe-0/0/0.2008
CORE-B,213.151.32.62,1733,xe-0/0/1.2008
CORE-B,213.151.32.62,1734,xe-0/0/2.2008
CORE-B,213.151.32.62,1735,xe-0/0/3.2008
CORE-B,213.151.32.62,1736,xe-0/0/5.2008
CORE-B,213.151.32.62,1737,xe-0/2/0.2008
CORE-B,213.151.32.62,1738,xe-0/2/1.2008
CORE-B,213.151.32.62,1739,xe-0/2/2.2008
CORE-B,213.151.32.62,1740,xe-0/2/3.2008
CORE-B,213.151.32.62,1741,xe-0/2/5.2008
CORE-B,213.151.32.62,1742,ae0.212
CORE-B,213.151.32.62,1743,xe-0/0/0.212
CORE-B,213.151.32.62,1744,xe-0/0/1.212
CORE-B,213.151.32.62,1745,xe-0/0/2.212
CORE-B,213.151.32.62,1746,xe-0/0/3.212
CORE-B,213.151.32.62,1747,xe-0/0/5.212
CORE-B,213.151.32.62,1748,xe-0/2/0.212
CORE-B,213.151.32.62,1749,xe-0/2/1.212
CORE-B,213.151.32.62,1750,xe-0/2/2.212
CORE-B,213.151.32.62,1751,xe-0/2/3.212
CORE-B,213.151.32.62,1752,xe-0/2/5.212
CORE-B,213.151.32.62,1753,ae0.113
CORE-B,213.151.32.62,1754,xe-0/0/0.113
CORE-B,213.151.32.62,1755,xe-0/0/1.113
CORE-B,213.151.32.62,1756,xe-0/0/2.113
CORE-B,213.151.32.62,1757,xe-0/0/3.113
CORE-B,213.151.32.62,1758,xe-0/0/5.113
CORE-B,213.151.32.62,1759,xe-0/2/0.113
CORE-B,213.151.32.62,1760,xe-0/2/1.113
CORE-B,213.151.32.62,1761,xe-0/2/2.113
CORE-B,213.151.32.62,1762,xe-0/2/3.113
CORE-B,213.151.32.62,1763,xe-0/2/5.113
CORE-B,213.151.32.62,1764,xe-0/0/6.6
CORE-B,213.151.32.62,1765,xe-0/0/6.8
CORE-B,213.151.32.62,1766,xe-0/0/6.11
CORE-B,213.151.32.62,1767,xe-0/0/6.15
CORE-B,213.151.32.62,1768,xe-0/0/6.16
CORE-B,213.151.32.62,1769,xe-0/0/6.18
CORE-B,213.151.32.62,1770,xe-0/0/6.20
CORE-B,213.151.32.62,1771,xe-0/0/6.27
CORE-B,213.151.32.62,1772,xe-0/0/6.41
CORE-B,213.151.32.62,1773,xe-0/0/6.42
CORE-B,213.151.32.62,1774,xe-0/0/6.48
CORE-B,213.151.32.62,1775,xe-0/0/6.49
CORE-B,213.151.32.62,1776,xe-0/0/6.51
CORE-B,213.151.32.62,1777,xe-0/0/6.53
CORE-B,213.151.32.62,1778,xe-0/0/6.56
CORE-B,213.151.32.62,1779,xe-0/0/6.58
CORE-B,213.151.32.62,1780,xe-0/0/6.61
CORE-B,213.151.32.62,1781,xe-0/0/6.62
CORE-B,213.151.32.62,1782,xe-0/0/6.64
CORE-B,213.151.32.62,1783,xe-0/0/6.66
CORE-B,213.151.32.62,1784,xe-0/0/6.67
CORE-B,213.151.32.62,1785,xe-0/0/6.77
CORE-B,213.151.32.62,1786,xe-0/0/6.78
CORE-B,213.151.32.62,1787,xe-0/0/6.81
CORE-B,213.151.32.62,1788,xe-0/0/6.84
CORE-B,213.151.32.62,1789,xe-0/0/6.85
CORE-B,213.151.32.62,1790,xe-0/0/6.96
CORE-B,213.151.32.62,1791,xe-0/0/6.100
CORE-B,213.151.32.62,1792,xe-0/0/6.104
CORE-B,213.151.32.62,1793,xe-0/0/6.106
CORE-B,213.151.32.62,1794,xe-0/0/6.108
CORE-B,213.151.32.62,1795,xe-0/0/6.110
CORE-B,213.151.32.62,1796,xe-0/0/6.113
CORE-B,213.151.32.62,1797,xe-0/0/6.201
CORE-B,213.151.32.62,1798,xe-0/0/6.202
CORE-B,213.151.32.62,1799,xe-0/0/6.204
CORE-B,213.151.32.62,1800,xe-0/0/6.212
CORE-B,213.151.32.62,1801,xe-0/0/6.720
CORE-B,213.151.32.62,1802,xe-0/0/6.721
CORE-B,213.151.32.62,1803,xe-0/0/6.722
CORE-B,213.151.32.62,1804,xe-0/0/6.723
CORE-B,213.151.32.62,1805,xe-0/0/6.724
CORE-B,213.151.32.62,1806,xe-0/0/6.889
CORE-B,213.151.32.62,1807,xe-0/0/6.1007
CORE-B,213.151.32.62,1808,xe-0/0/6.1010
CORE-B,213.151.32.62,1810,xe-0/0/6.1020
CORE-B,213.151.32.62,1811,xe-0/0/6.1025
CORE-B,213.151.32.62,1812,xe-0/0/6.1028
CORE-B,213.151.32.62,1813,xe-0/0/6.1030
CORE-B,213.151.32.62,1814,xe-0/0/6.1037
CORE-B,213.151.32.62,1815,xe-0/0/6.1080
CORE-B,213.151.32.62,1816,xe-0/0/6.2007
CORE-B,213.151.32.62,1817,xe-0/0/6.2008
CORE-B,213.151.32.62,1819,xe-0/2/6.6
CORE-B,213.151.32.62,1820,xe-0/2/6.8
CORE-B,213.151.32.62,1821,xe-0/2/6.11
CORE-B,213.151.32.62,1822,xe-0/2/6.15
CORE-B,213.151.32.62,1823,xe-0/2/6.16
CORE-B,213.151.32.62,1824,xe-0/2/6.18
CORE-B,213.151.32.62,1825,xe-0/2/6.20
CORE-B,213.151.32.62,1826,xe-0/2/6.27
CORE-B,213.151.32.62,1827,xe-0/2/6.41
CORE-B,213.151.32.62,1828,xe-0/2/6.42
CORE-B,213.151.32.62,1829,xe-0/2/6.48
CORE-B,213.151.32.62,1830,xe-0/2/6.49
CORE-B,213.151.32.62,1831,xe-0/2/6.51
CORE-B,213.151.32.62,1832,xe-0/2/6.53
CORE-B,213.151.32.62,1833,xe-0/2/6.56
CORE-B,213.151.32.62,1834,xe-0/2/6.58
CORE-B,213.151.32.62,1835,xe-0/2/6.61
CORE-B,213.151.32.62,1836,xe-0/2/6.62
CORE-B,213.151.32.62,1837,xe-0/2/6.64
CORE-B,213.151.32.62,1838,xe-0/2/6.66
CORE-B,213.151.32.62,1839,xe-0/2/6.67
CORE-B,213.151.32.62,1840,xe-0/2/6.77
CORE-B,213.151.32.62,1841,xe-0/2/6.78
CORE-B,213.151.32.62,1842,xe-0/2/6.81
CORE-B,213.151.32.62,1843,xe-0/2/6.84
CORE-B,213.151.32.62,1844,xe-0/2/6.85
CORE-B,213.151.32.62,1845,xe-0/2/6.96
CORE-B,213.151.32.62,1846,xe-0/2/6.100
CORE-B,213.151.32.62,1847,xe-0/2/6.104
CORE-B,213.151.32.62,1848,xe-0/2/6.106
CORE-B,213.151.32.62,1849,xe-0/2/6.108
CORE-B,213.151.32.62,1850,xe-0/2/6.110
CORE-B,213.151.32.62,1851,xe-0/2/6.113
CORE-B,213.151.32.62,1852,xe-0/2/6.201
CORE-B,213.151.32.62,1853,xe-0/2/6.202
CORE-B,213.151.32.62,1854,xe-0/2/6.204
CORE-B,213.151.32.62,1855,xe-0/2/6.212
CORE-B,213.151.32.62,1856,xe-0/2/6.720
CORE-B,213.151.32.62,1857,xe-0/2/6.721
CORE-B,213.151.32.62,1858,xe-0/2/6.722
CORE-B,213.151.32.62,1859,xe-0/2/6.723
CORE-B,213.151.32.62,1860,xe-0/2/6.724
CORE-B,213.151.32.62,1861,xe-0/2/6.889
CORE-B,213.151.32.62,1862,xe-0/2/6.1007
CORE-B,213.151.32.62,1863,xe-0/2/6.1010
CORE-B,213.151.32.62,1865,xe-0/2/6.1020
CORE-B,213.151.32.62,1866,xe-0/2/6.1025
CORE-B,213.151.32.62,1867,xe-0/2/6.1028
CORE-B,213.151.32.62,1868,xe-0/2/6.1030
CORE-B,213.151.32.62,1869,xe-0/2/6.1037
CORE-B,213.151.32.62,1870,xe-0/2/6.1080
CORE-B,213.151.32.62,1871,xe-0/2/6.2007
CORE-B,213.151.32.62,1872,xe-0/2/6.2008
CORE-B,213.151.32.62,1874,ae0.79
CORE-B,213.151.32.62,1875,xe-0/0/0.79
CORE-B,213.151.32.62,1876,xe-0/0/1.79
CORE-B,213.151.32.62,1877,xe-0/0/2.79
CORE-B,213.151.32.62,1878,xe-0/0/3.79
CORE-B,213.151.32.62,1879,xe-0/0/5.79
CORE-B,213.151.32.62,1880,xe-0/0/6.79
CORE-B,213.151.32.62,1881,xe-0/2/0.79
CORE-B,213.151.32.62,1882,xe-0/2/1.79
CORE-B,213.151.32.62,1883,xe-0/2/2.79
CORE-B,213.151.32.62,1884,xe-0/2/3.79
CORE-B,213.151.32.62,1885,xe-0/2/5.79
CORE-B,213.151.32.62,1886,xe-0/2/6.79
CORE-B,213.151.32.62,1887,xe-0/0/7.6
CORE-B,213.151.32.62,1888,xe-0/0/7.8
CORE-B,213.151.32.62,1889,xe-0/0/7.11
CORE-B,213.151.32.62,1890,xe-0/0/7.15
CORE-B,213.151.32.62,1891,xe-0/0/7.16
CORE-B,213.151.32.62,1892,xe-0/0/7.18
CORE-B,213.151.32.62,1893,xe-0/0/7.20
CORE-B,213.151.32.62,1894,xe-0/0/7.27
CORE-B,213.151.32.62,1895,xe-0/0/7.41
CORE-B,213.151.32.62,1896,xe-0/0/7.42
CORE-B,213.151.32.62,1897,xe-0/0/7.48
CORE-B,213.151.32.62,1898,xe-0/0/7.49
CORE-B,213.151.32.62,1899,xe-0/0/7.51
CORE-B,213.151.32.62,1900,xe-0/0/7.53
CORE-B,213.151.32.62,1901,xe-0/0/7.56
CORE-B,213.151.32.62,1902,xe-0/0/7.58
CORE-B,213.151.32.62,1903,xe-0/0/7.61
CORE-B,213.151.32.62,1904,xe-0/0/7.62
CORE-B,213.151.32.62,1905,xe-0/0/7.64
CORE-B,213.151.32.62,1906,xe-0/0/7.66
CORE-B,213.151.32.62,1907,xe-0/0/7.67
CORE-B,213.151.32.62,1908,xe-0/0/7.77
CORE-B,213.151.32.62,1909,xe-0/0/7.78
CORE-B,213.151.32.62,1910,xe-0/0/7.79
CORE-B,213.151.32.62,1911,xe-0/0/7.81
CORE-B,213.151.32.62,1912,xe-0/0/7.84
CORE-B,213.151.32.62,1913,xe-0/0/7.85
CORE-B,213.151.32.62,1914,xe-0/0/7.96
CORE-B,213.151.32.62,1915,xe-0/0/7.100
CORE-B,213.151.32.62,1916,xe-0/0/7.104
CORE-B,213.151.32.62,1917,xe-0/0/7.106
CORE-B,213.151.32.62,1918,xe-0/0/7.108
CORE-B,213.151.32.62,1919,xe-0/0/7.110
CORE-B,213.151.32.62,1920,xe-0/0/7.113
CORE-B,213.151.32.62,1921,xe-0/0/7.201
CORE-B,213.151.32.62,1922,xe-0/0/7.202
CORE-B,213.151.32.62,1923,xe-0/0/7.204
CORE-B,213.151.32.62,1924,xe-0/0/7.212
CORE-B,213.151.32.62,1925,xe-0/0/7.720
CORE-B,213.151.32.62,1926,xe-0/0/7.721
CORE-B,213.151.32.62,1927,xe-0/0/7.722
CORE-B,213.151.32.62,1928,xe-0/0/7.723
CORE-B,213.151.32.62,1929,xe-0/0/7.724
CORE-B,213.151.32.62,1930,xe-0/0/7.889
CORE-B,213.151.32.62,1931,xe-0/0/7.1007
CORE-B,213.151.32.62,1932,xe-0/0/7.1010
CORE-B,213.151.32.62,1934,xe-0/0/7.1020
CORE-B,213.151.32.62,1935,xe-0/0/7.1025
CORE-B,213.151.32.62,1936,xe-0/0/7.1028
CORE-B,213.151.32.62,1937,xe-0/0/7.1030
CORE-B,213.151.32.62,1938,xe-0/0/7.1037
CORE-B,213.151.32.62,1939,xe-0/0/7.1080
CORE-B,213.151.32.62,1940,xe-0/0/7.2007
CORE-B,213.151.32.62,1941,xe-0/0/7.2008
CORE-B,213.151.32.62,1943,xe-0/2/7.6
CORE-B,213.151.32.62,1944,xe-0/2/7.8
CORE-B,213.151.32.62,1945,xe-0/2/7.11
CORE-B,213.151.32.62,1946,xe-0/2/7.15
CORE-B,213.151.32.62,1947,xe-0/2/7.16
CORE-B,213.151.32.62,1948,xe-0/2/7.18
CORE-B,213.151.32.62,1949,xe-0/2/7.20
CORE-B,213.151.32.62,1950,xe-0/2/7.27
CORE-B,213.151.32.62,1951,xe-0/2/7.41
CORE-B,213.151.32.62,1952,xe-0/2/7.42
CORE-B,213.151.32.62,1953,xe-0/2/7.48
CORE-B,213.151.32.62,1954,xe-0/2/7.49
CORE-B,213.151.32.62,1955,xe-0/2/7.51
CORE-B,213.151.32.62,1956,xe-0/2/7.53
CORE-B,213.151.32.62,1957,xe-0/2/7.56
CORE-B,213.151.32.62,1958,xe-0/2/7.58
CORE-B,213.151.32.62,1959,xe-0/2/7.61
CORE-B,213.151.32.62,1960,xe-0/2/7.62
CORE-B,213.151.32.62,1961,xe-0/2/7.64
CORE-B,213.151.32.62,1962,xe-0/2/7.66
CORE-B,213.151.32.62,1963,xe-0/2/7.67
CORE-B,213.151.32.62,1964,xe-0/2/7.77
CORE-B,213.151.32.62,1965,xe-0/2/7.78
CORE-B,213.151.32.62,1966,xe-0/2/7.79
CORE-B,213.151.32.62,1967,xe-0/2/7.81
CORE-B,213.151.32.62,1968,xe-0/2/7.84
CORE-B,213.151.32.62,1969,xe-0/2/7.85
CORE-B,213.151.32.62,1970,xe-0/2/7.96
CORE-B,213.151.32.62,1971,xe-0/2/7.100
CORE-B,213.151.32.62,1972,xe-0/2/7.104
CORE-B,213.151.32.62,1973,xe-0/2/7.106
CORE-B,213.151.32.62,1974,xe-0/2/7.108
CORE-B,213.151.32.62,1975,xe-0/2/7.110
CORE-B,213.151.32.62,1976,xe-0/2/7.113
CORE-B,213.151.32.62,1977,xe-0/2/7.201
CORE-B,213.151.32.62,1978,xe-0/2/7.202
CORE-B,213.151.32.62,1979,xe-0/2/7.204
CORE-B,213.151.32.62,1980,xe-0/2/7.212
CORE-B,213.151.32.62,1981,xe-0/2/7.720
CORE-B,213.151.32.62,1982,xe-0/2/7.721
CORE-B,213.151.32.62,1983,xe-0/2/7.722
CORE-B,213.151.32.62,1984,xe-0/2/7.723
CORE-B,213.151.32.62,1985,xe-0/2/7.724
CORE-B,213.151.32.62,1986,xe-0/2/7.889
CORE-B,213.151.32.62,1987,xe-0/2/7.1007
CORE-B,213.151.32.62,1988,xe-0/2/7.1010
CORE-B,213.151.32.62,1990,xe-0/2/7.1020
CORE-B,213.151.32.62,1991,xe-0/2/7.1025
CORE-B,213.151.32.62,1992,xe-0/2/7.1028
CORE-B,213.151.32.62,1993,xe-0/2/7.1030
CORE-B,213.151.32.62,1994,xe-0/2/7.1037
CORE-B,213.151.32.62,1995,xe-0/2/7.1080
CORE-B,213.151.32.62,1996,xe-0/2/7.2007
CORE-B,213.151.32.62,1997,xe-0/2/7.2008
CORE-B,213.151.32.62,1999,xe-0/1/0.6
CORE-B,213.151.32.62,2000,xe-0/1/0.8
CORE-B,213.151.32.62,2001,xe-0/1/0.11
CORE-B,213.151.32.62,2002,xe-0/1/0.15
CORE-B,213.151.32.62,2003,xe-0/1/0.16
CORE-B,213.151.32.62,2004,xe-0/1/0.18
CORE-B,213.151.32.62,2005,xe-0/1/0.20
CORE-B,213.151.32.62,2006,xe-0/1/0.27
CORE-B,213.151.32.62,2007,xe-0/1/0.41
CORE-B,213.151.32.62,2008,xe-0/1/0.42
CORE-B,213.151.32.62,2009,xe-0/1/0.48
CORE-B,213.151.32.62,2010,xe-0/1/0.49
CORE-B,213.151.32.62,2011,xe-0/1/0.51
CORE-B,213.151.32.62,2012,xe-0/1/0.53
CORE-B,213.151.32.62,2013,xe-0/1/0.56
CORE-B,213.151.32.62,2014,xe-0/1/0.58
CORE-B,213.151.32.62,2015,xe-0/1/0.61
CORE-B,213.151.32.62,2016,xe-0/1/0.62
CORE-B,213.151.32.62,2017,xe-0/1/0.64
CORE-B,213.151.32.62,2018,xe-0/1/0.66
CORE-B,213.151.32.62,2019,xe-0/1/0.67
CORE-B,213.151.32.62,2020,xe-0/1/0.77
CORE-B,213.151.32.62,2021,xe-0/1/0.78
CORE-B,213.151.32.62,2022,xe-0/1/0.79
CORE-B,213.151.32.62,2023,xe-0/1/0.81
CORE-B,213.151.32.62,2024,xe-0/1/0.84
CORE-B,213.151.32.62,2025,xe-0/1/0.85
CORE-B,213.151.32.62,2026,xe-0/1/0.96
CORE-B,213.151.32.62,2027,xe-0/1/0.100
CORE-B,213.151.32.62,2028,xe-0/1/0.104
CORE-B,213.151.32.62,2029,xe-0/1/0.106
CORE-B,213.151.32.62,2030,xe-0/1/0.108
CORE-B,213.151.32.62,2031,xe-0/1/0.110
CORE-B,213.151.32.62,2032,xe-0/1/0.113
CORE-B,213.151.32.62,2033,xe-0/1/0.201
CORE-B,213.151.32.62,2034,xe-0/1/0.202
CORE-B,213.151.32.62,2035,xe-0/1/0.204
CORE-B,213.151.32.62,2036,xe-0/1/0.212
CORE-B,213.151.32.62,2037,xe-0/1/0.720
CORE-B,213.151.32.62,2038,xe-0/1/0.721
CORE-B,213.151.32.62,2039,xe-0/1/0.722
CORE-B,213.151.32.62,2040,xe-0/1/0.723
CORE-B,213.151.32.62,2041,xe-0/1/0.724
CORE-B,213.151.32.62,2042,xe-0/1/0.889
CORE-B,213.151.32.62,2043,xe-0/1/0.1007
CORE-B,213.151.32.62,2044,xe-0/1/0.1010
CORE-B,213.151.32.62,2046,xe-0/1/0.1020
CORE-B,213.151.32.62,2047,xe-0/1/0.1025
CORE-B,213.151.32.62,2048,xe-0/1/0.1028
CORE-B,213.151.32.62,2049,xe-0/1/0.1030
CORE-B,213.151.32.62,2050,xe-0/1/0.1037
CORE-B,213.151.32.62,2051,xe-0/1/0.1080
CORE-B,213.151.32.62,2052,xe-0/1/0.2007
CORE-B,213.151.32.62,2053,xe-0/1/0.2008
CORE-B,213.151.32.62,2055,xe-0/1/1.6
CORE-B,213.151.32.62,2056,xe-0/1/1.8
CORE-B,213.151.32.62,2057,xe-0/1/1.11
CORE-B,213.151.32.62,2058,xe-0/1/1.15
CORE-B,213.151.32.62,2059,xe-0/1/1.16
CORE-B,213.151.32.62,2060,xe-0/1/1.18
CORE-B,213.151.32.62,2061,xe-0/1/1.20
CORE-B,213.151.32.62,2062,xe-0/1/1.27
CORE-B,213.151.32.62,2063,xe-0/1/1.41
CORE-B,213.151.32.62,2064,xe-0/1/1.42
CORE-B,213.151.32.62,2065,xe-0/1/1.48
CORE-B,213.151.32.62,2066,xe-0/1/1.49
CORE-B,213.151.32.62,2067,xe-0/1/1.51
CORE-B,213.151.32.62,2068,xe-0/1/1.53
CORE-B,213.151.32.62,2069,xe-0/1/1.56
CORE-B,213.151.32.62,2070,xe-0/1/1.58
CORE-B,213.151.32.62,2071,xe-0/1/1.61
CORE-B,213.151.32.62,2072,xe-0/1/1.62
CORE-B,213.151.32.62,2073,xe-0/1/1.64
CORE-B,213.151.32.62,2074,xe-0/1/1.66
CORE-B,213.151.32.62,2075,xe-0/1/1.67
CORE-B,213.151.32.62,2076,xe-0/1/1.77
CORE-B,213.151.32.62,2077,xe-0/1/1.78
CORE-B,213.151.32.62,2078,xe-0/1/1.79
CORE-B,213.151.32.62,2079,xe-0/1/1.81
CORE-B,213.151.32.62,2080,xe-0/1/1.84
CORE-B,213.151.32.62,2081,xe-0/1/1.85
CORE-B,213.151.32.62,2082,xe-0/1/1.96
CORE-B,213.151.32.62,2083,xe-0/1/1.100
CORE-B,213.151.32.62,2084,xe-0/1/1.104
CORE-B,213.151.32.62,2085,xe-0/1/1.106
CORE-B,213.151.32.62,2086,xe-0/1/1.108
CORE-B,213.151.32.62,2087,xe-0/1/1.110
CORE-B,213.151.32.62,2088,xe-0/1/1.113
CORE-B,213.151.32.62,2089,xe-0/1/1.201
CORE-B,213.151.32.62,2090,xe-0/1/1.202
CORE-B,213.151.32.62,2091,xe-0/1/1.204
CORE-B,213.151.32.62,2092,xe-0/1/1.212
CORE-B,213.151.32.62,2093,xe-0/1/1.720
CORE-B,213.151.32.62,2094,xe-0/1/1.721
CORE-B,213.151.32.62,2095,xe-0/1/1.722
CORE-B,213.151.32.62,2096,xe-0/1/1.723
CORE-B,213.151.32.62,2097,xe-0/1/1.724
CORE-B,213.151.32.62,2098,xe-0/1/1.889
CORE-B,213.151.32.62,2099,xe-0/1/1.1007
CORE-B,213.151.32.62,2100,xe-0/1/1.1010
CORE-B,213.151.32.62,2102,xe-0/1/1.1020
CORE-B,213.151.32.62,2103,xe-0/1/1.1025
CORE-B,213.151.32.62,2104,xe-0/1/1.1028
CORE-B,213.151.32.62,2105,xe-0/1/1.1030
CORE-B,213.151.32.62,2106,xe-0/1/1.1037
CORE-B,213.151.32.62,2107,xe-0/1/1.1080
CORE-B,213.151.32.62,2108,xe-0/1/1.2007
CORE-B,213.151.32.62,2109,xe-0/1/1.2008
CORE-B,213.151.32.62,2111,ae0.1018
CORE-B,213.151.32.62,2112,xe-0/0/0.1018
CORE-B,213.151.32.62,2113,xe-0/0/1.1018
CORE-B,213.151.32.62,2114,xe-0/0/2.1018
CORE-B,213.151.32.62,2115,xe-0/0/3.1018
CORE-B,213.151.32.62,2116,xe-0/0/5.1018
CORE-B,213.151.32.62,2117,xe-0/0/6.1018
CORE-B,213.151.32.62,2118,xe-0/0/7.1018
CORE-B,213.151.32.62,2119,xe-0/1/0.1018
CORE-B,213.151.32.62,2120,xe-0/1/1.1018
CORE-B,213.151.32.62,2121,xe-0/2/0.1018
CORE-B,213.151.32.62,2122,xe-0/2/1.1018
CORE-B,213.151.32.62,2123,xe-0/2/2.1018
CORE-B,213.151.32.62,2124,xe-0/2/3.1018
CORE-B,213.151.32.62,2125,xe-0/2/5.1018
CORE-B,213.151.32.62,2126,xe-0/2/6.1018
CORE-B,213.151.32.62,2127,xe-0/2/7.1018
CORE-B,213.151.32.62,2128,ae0.1023
CORE-B,213.151.32.62,2129,xe-0/0/0.1023
CORE-B,213.151.32.62,2130,xe-0/0/1.1023
CORE-B,213.151.32.62,2131,xe-0/0/2.1023
CORE-B,213.151.32.62,2132,xe-0/0/3.1023
CORE-B,213.151.32.62,2133,xe-0/0/5.1023
CORE-B,213.151.32.62,2134,xe-0/0/6.1023
CORE-B,213.151.32.62,2135,xe-0/0/7.1023
CORE-B,213.151.32.62,2136,xe-0/1/0.1023
CORE-B,213.151.32.62,2137,xe-0/1/1.1023
CORE-B,213.151.32.62,2138,xe-0/2/0.1023
CORE-B,213.151.32.62,2139,xe-0/2/1.1023
CORE-B,213.151.32.62,2140,xe-0/2/2.1023
CORE-B,213.151.32.62,2141,xe-0/2/3.1023
CORE-B,213.151.32.62,2142,xe-0/2/5.1023
CORE-B,213.151.32.62,2143,xe-0/2/6.1023
CORE-B,213.151.32.62,2144,xe-0/2/7.1023
CORE-B,213.151.32.62,2145,xe-0/0/0.118
CORE-B,213.151.32.62,2146,xe-0/0/0.120
CORE-B,213.151.32.62,2147,xe-0/0/0.125
CORE-B,213.151.32.62,2148,xe-0/0/0.127
CORE-B,213.151.32.62,2149,xe-0/0/1.118
CORE-B,213.151.32.62,2150,xe-0/0/1.120
CORE-B,213.151.32.62,2151,xe-0/0/1.125
CORE-B,213.151.32.62,2152,xe-0/0/1.127
CORE-B,213.151.32.62,2153,xe-0/0/2.118
CORE-B,213.151.32.62,2154,xe-0/0/2.120
CORE-B,213.151.32.62,2155,xe-0/0/2.125
CORE-B,213.151.32.62,2156,xe-0/0/2.127
CORE-B,213.151.32.62,2157,xe-0/0/3.118
CORE-B,213.151.32.62,2158,xe-0/0/3.120
CORE-B,213.151.32.62,2159,xe-0/0/3.125
CORE-B,213.151.32.62,2160,xe-0/0/3.127
CORE-B,213.151.32.62,2161,xe-0/0/5.118
CORE-B,213.151.32.62,2162,xe-0/0/5.120
CORE-B,213.151.32.62,2163,xe-0/0/5.125
CORE-B,213.151.32.62,2164,xe-0/0/5.127
CORE-B,213.151.32.62,2165,xe-0/0/6.118
CORE-B,213.151.32.62,2166,xe-0/0/6.120
CORE-B,213.151.32.62,2167,xe-0/0/6.125
CORE-B,213.151.32.62,2168,xe-0/0/6.127
CORE-B,213.151.32.62,2169,xe-0/0/7.118
CORE-B,213.151.32.62,2170,xe-0/0/7.120
CORE-B,213.151.32.62,2171,xe-0/0/7.125
CORE-B,213.151.32.62,2172,xe-0/0/7.127
CORE-B,213.151.32.62,2173,xe-0/1/0.118
CORE-B,213.151.32.62,2174,xe-0/1/0.120
CORE-B,213.151.32.62,2175,xe-0/1/0.125
CORE-B,213.151.32.62,2176,xe-0/1/0.127
CORE-B,213.151.32.62,2177,xe-0/1/1.118
CORE-B,213.151.32.62,2178,xe-0/1/1.120
CORE-B,213.151.32.62,2179,xe-0/1/1.125
CORE-B,213.151.32.62,2180,xe-0/1/1.127
CORE-B,213.151.32.62,2181,xe-0/2/0.118
CORE-B,213.151.32.62,2182,xe-0/2/0.120
CORE-B,213.151.32.62,2183,xe-0/2/0.125
CORE-B,213.151.32.62,2184,xe-0/2/0.127
CORE-B,213.151.32.62,2185,xe-0/2/1.118
CORE-B,213.151.32.62,2186,xe-0/2/1.120
CORE-B,213.151.32.62,2187,xe-0/2/1.125
CORE-B,213.151.32.62,2188,xe-0/2/1.127
CORE-B,213.151.32.62,2189,xe-0/2/2.118
CORE-B,213.151.32.62,2190,xe-0/2/2.120
CORE-B,213.151.32.62,2191,xe-0/2/2.125
CORE-B,213.151.32.62,2192,xe-0/2/2.127
CORE-B,213.151.32.62,2193,xe-0/2/3.118
CORE-B,213.151.32.62,2194,xe-0/2/3.120
CORE-B,213.151.32.62,2195,xe-0/2/3.125
CORE-B,213.151.32.62,2196,xe-0/2/3.127
CORE-B,213.151.32.62,2197,xe-0/2/5.118
CORE-B,213.151.32.62,2198,xe-0/2/5.120
CORE-B,213.151.32.62,2199,xe-0/2/5.125
CORE-B,213.151.32.62,2200,xe-0/2/5.127
CORE-B,213.151.32.62,2201,xe-0/2/6.118
CORE-B,213.151.32.62,2202,xe-0/2/6.120
CORE-B,213.151.32.62,2203,xe-0/2/6.125
CORE-B,213.151.32.62,2204,xe-0/2/6.127
CORE-B,213.151.32.62,2205,xe-0/2/7.118
CORE-B,213.151.32.62,2206,xe-0/2/7.120
CORE-B,213.151.32.62,2207,xe-0/2/7.125
CORE-B,213.151.32.62,2208,xe-0/2/7.127
CORE-B,213.151.32.62,2209,ae0.127
CORE-B,213.151.32.62,2210,ae0.125
CORE-B,213.151.32.62,2211,ae0.120
CORE-B,213.151.32.62,2212,ae0.118
CORE-B,213.151.32.62,2213,ae0.1034
CORE-B,213.151.32.62,2214,xe-0/0/0.1034
CORE-B,213.151.32.62,2215,xe-0/0/1.1034
CORE-B,213.151.32.62,2216,xe-0/0/2.1034
CORE-B,213.151.32.62,2217,xe-0/0/3.1034
CORE-B,213.151.32.62,2218,xe-0/0/5.1034
CORE-B,213.151.32.62,2219,xe-0/0/6.1034
CORE-B,213.151.32.62,2220,xe-0/0/7.1034
CORE-B,213.151.32.62,2221,xe-0/1/0.1034
CORE-B,213.151.32.62,2222,xe-0/1/1.1034
CORE-B,213.151.32.62,2223,xe-0/2/0.1034
CORE-B,213.151.32.62,2224,xe-0/2/1.1034
CORE-B,213.151.32.62,2225,xe-0/2/2.1034
CORE-B,213.151.32.62,2226,xe-0/2/3.1034
CORE-B,213.151.32.62,2227,xe-0/2/5.1034
CORE-B,213.151.32.62,2228,xe-0/2/6.1034
CORE-B,213.151.32.62,2229,xe-0/2/7.1034
CORE-B,213.151.32.62,2230,ae0.129
CORE-B,213.151.32.62,2231,ae0.131
CORE-B,213.151.32.62,2232,xe-0/0/0.129
CORE-B,213.151.32.62,2233,xe-0/0/0.131
CORE-B,213.151.32.62,2234,xe-0/0/1.129
CORE-B,213.151.32.62,2235,xe-0/0/1.131
CORE-B,213.151.32.62,2236,xe-0/0/2.129
CORE-B,213.151.32.62,2237,xe-0/0/2.131
CORE-B,213.151.32.62,2238,xe-0/0/3.129
CORE-B,213.151.32.62,2239,xe-0/0/3.131
CORE-B,213.151.32.62,2240,xe-0/0/5.129
CORE-B,213.151.32.62,2241,xe-0/0/5.131
CORE-B,213.151.32.62,2242,xe-0/0/6.129
CORE-B,213.151.32.62,2243,xe-0/0/6.131
CORE-B,213.151.32.62,2244,xe-0/0/7.129
CORE-B,213.151.32.62,2245,xe-0/0/7.131
CORE-B,213.151.32.62,2246,xe-0/1/0.129
CORE-B,213.151.32.62,2247,xe-0/1/0.131
CORE-B,213.151.32.62,2248,xe-0/1/1.129
CORE-B,213.151.32.62,2249,xe-0/1/1.131
CORE-B,213.151.32.62,2250,xe-0/2/0.129
CORE-B,213.151.32.62,2251,xe-0/2/0.131
CORE-B,213.151.32.62,2252,xe-0/2/1.129
CORE-B,213.151.32.62,2253,xe-0/2/1.131
CORE-B,213.151.32.62,2254,xe-0/2/2.129
CORE-B,213.151.32.62,2255,xe-0/2/2.131
CORE-B,213.151.32.62,2256,xe-0/2/3.129
CORE-B,213.151.32.62,2257,xe-0/2/3.131
CORE-B,213.151.32.62,2258,xe-0/2/5.129
CORE-B,213.151.32.62,2259,xe-0/2/5.131
CORE-B,213.151.32.62,2260,xe-0/2/6.129
CORE-B,213.151.32.62,2261,xe-0/2/6.131
CORE-B,213.151.32.62,2262,xe-0/2/7.129
CORE-B,213.151.32.62,2263,xe-0/2/7.131
